timestamp,value,anomaly_score,label,S(t)_reward_low_FP_rate,S(t)_reward_low_FN_rate,S(t)_standard
2015-09-08 11:39:00,73,0.0,0,0.0,0.0,0.0
2015-09-08 11:44:00,62,0.0,0,0.0,0.0,0.0
2015-09-08 11:59:00,66,0.0,0,0.0,0.0,0.0
2015-09-08 12:19:00,69,0.0,0,0.0,0.0,0.0
2015-09-08 12:24:00,65,0.0,0,0.0,0.0,0.0
2015-09-08 12:27:00,76,0.0,0,0.0,0.0,0.0
2015-09-08 12:32:00,65,0.0,0,0.0,0.0,0.0
2015-09-08 12:46:00,62,0.0,0,0.0,0.0,0.0
2015-09-08 12:51:00,61,0.0,0,0.0,0.0,0.0
2015-09-08 13:01:00,65,0.0,0,0.0,0.0,0.0
2015-09-08 13:21:00,68,0.0,0,0.0,0.0,0.0
2015-09-08 13:26:00,66,0.0,0,0.0,0.0,0.0
2015-09-08 13:31:00,67,0.0,0,0.0,0.0,0.0
2015-09-08 13:36:00,65,0.0,0,0.0,0.0,0.0
2015-09-08 13:41:00,67,0.0,0,0.0,0.0,0.0
2015-09-08 13:46:00,67,0.0,0,0.0,0.0,0.0
2015-09-08 13:56:00,69,0.0,0,0.0,0.0,0.0
2015-09-08 14:11:00,68,0.0,0,0.0,0.0,0.0
2015-09-08 14:16:00,68,0.0,0,0.0,0.0,0.0
2015-09-08 14:21:00,67,0.0,0,0.0,0.0,0.0
2015-09-08 14:46:00,66,0.0,0,0.0,0.0,0.0
2015-09-08 14:51:00,68,0.0,0,0.0,0.0,0.0
2015-09-08 15:16:00,69,0.0,0,0.0,0.0,0.0
2015-09-08 15:21:00,65,0.0,0,0.0,0.0,0.0
2015-09-08 15:26:00,70,0.0,0,0.0,0.0,0.0
2015-09-08 15:29:00,66,0.0,0,0.0,0.0,0.0
2015-09-08 15:41:00,65,0.0,0,0.0,0.0,0.0
2015-09-08 16:15:00,64,0.0,0,0.0,0.0,0.0
2015-09-08 16:31:00,66,0.0,0,0.0,0.0,0.0
2015-09-08 16:36:00,69,0.0,0,0.0,0.0,0.0
2015-09-08 16:41:00,64,0.0,0,0.0,0.0,0.0
2015-09-08 16:56:00,69,0.0,0,0.0,0.0,0.0
2015-09-08 17:11:00,65,0.0,0,0.0,0.0,0.0
2015-09-08 17:16:00,68,0.0,0,0.0,0.0,0.0
2015-09-08 17:21:00,67,0.0,0,0.0,0.0,0.0
2015-09-08 17:26:00,69,0.0,0,0.0,0.0,0.0
2015-09-08 17:31:00,66,0.0,0,0.0,0.0,0.0
2015-09-08 17:36:00,69,0.0,0,0.0,0.0,0.0
2015-09-08 17:41:00,66,0.0,0,0.0,0.0,0.0
2015-09-08 17:46:00,65,0.0,0,0.0,0.0,0.0
2015-09-08 17:51:00,66,0.0,0,0.0,0.0,0.0
2015-09-08 17:56:00,65,0.0,0,0.0,0.0,0.0
2015-09-08 17:57:00,64,0.0,0,0.0,0.0,0.0
2015-09-08 18:36:00,70,0.0,0,0.0,0.0,0.0
2015-09-08 18:46:00,69,0.0,0,0.0,0.0,0.0
2015-09-08 18:51:00,66,0.0,0,0.0,0.0,0.0
2015-09-08 18:56:00,68,0.0,0,0.0,0.0,0.0
2015-09-08 19:06:00,71,0.0,0,0.0,0.0,0.0
2015-09-08 20:11:00,63,0.0,0,0.0,0.0,0.0
2015-09-08 20:31:00,67,0.0,0,0.0,0.0,0.0
2015-09-08 20:41:00,62,0.0,0,0.0,0.0,0.0
2015-09-08 20:51:00,64,0.0,0,0.0,0.0,0.0
2015-09-08 21:01:00,59,0.0,0,0.0,0.0,0.0
2015-09-08 21:06:00,65,0.0,0,0.0,0.0,0.0
2015-09-08 21:31:00,58,0.0,0,0.0,0.0,0.0
2015-09-08 21:41:00,64,0.0,0,0.0,0.0,0.0
2015-09-08 22:31:00,63,0.0,0,0.0,0.0,0.0
2015-09-08 22:41:00,66,0.0,0,0.0,0.0,0.0
2015-09-08 23:16:00,66,0.0,0,0.0,0.0,0.0
2015-09-08 23:31:00,60,0.0,0,0.0,0.0,0.0
2015-09-09 00:06:00,57,0.0,0,0.0,0.0,0.0
2015-09-09 01:16:00,58,0.0,0,0.0,0.0,0.0
2015-09-09 07:34:00,69,0.0,0,0.0,0.0,0.0
2015-09-09 09:20:00,70,0.0,0,0.0,0.0,0.0
2015-09-09 09:58:00,66,0.0,0,0.0,0.0,0.0
2015-09-09 10:23:00,68,0.0,0,0.0,0.0,0.0
2015-09-09 10:33:00,65,0.0,0,0.0,0.0,0.0
2015-09-09 10:38:00,68,0.0,0,0.0,0.0,0.0
2015-09-09 10:43:00,68,0.0,0,0.0,0.0,0.0
2015-09-09 10:48:00,70,0.0,0,0.0,0.0,0.0
2015-09-09 10:53:00,67,0.0,0,0.0,0.0,0.0
2015-09-09 11:03:00,73,0.0,0,0.0,0.0,0.0
2015-09-09 11:08:00,77,0.0,0,0.0,0.0,0.0
2015-09-09 11:13:00,75,0.0,0,0.0,0.0,0.0
2015-09-09 11:18:00,71,0.0,0,0.0,0.0,0.0
2015-09-09 11:23:00,73,0.0,0,0.0,0.0,0.0
2015-09-09 11:43:00,68,0.0,0,0.0,0.0,0.0
2015-09-09 11:48:00,58,0.0,0,0.0,0.0,0.0
2015-09-09 12:03:00,65,0.0,0,0.0,0.0,0.0
2015-09-09 12:13:00,65,0.0,0,0.0,0.0,0.0
2015-09-09 12:33:00,65,0.0,0,0.0,0.0,0.0
2015-09-09 12:48:00,66,0.0,0,0.0,0.0,0.0
2015-09-09 13:08:00,74,0.0,0,0.0,0.0,0.0
2015-09-09 13:33:00,64,0.0,0,0.0,0.0,0.0
2015-09-09 13:38:00,68,0.0,0,0.0,0.0,0.0
2015-09-09 13:43:00,65,0.0,0,0.0,0.0,0.0
2015-09-09 13:48:00,69,0.0,0,0.0,0.0,0.0
2015-09-09 13:53:00,70,0.0,0,0.0,0.0,0.0
2015-09-09 13:58:00,64,0.0,0,0.0,0.0,0.0
2015-09-09 14:08:00,65,0.0,0,0.0,0.0,0.0
2015-09-09 14:13:00,67,0.0,0,0.0,0.0,0.0
2015-09-09 14:38:00,68,0.0,0,0.0,0.0,0.0
2015-09-09 14:48:00,66,0.0,0,0.0,0.0,0.0
2015-09-09 14:53:00,63,0.0,0,0.0,0.0,0.0
2015-09-09 15:03:00,68,0.0,0,0.0,0.0,0.0
2015-09-09 15:08:00,68,0.0,0,0.0,0.0,0.0
2015-09-09 15:13:00,73,0.0,0,0.0,0.0,0.0
2015-09-09 15:18:00,79,0.0,0,0.0,0.0,0.0
2015-09-09 15:23:00,64,0.0,0,0.0,0.0,0.0
2015-09-09 15:28:00,67,0.0,0,0.0,0.0,0.0
2015-09-09 15:38:00,62,0.0,0,0.0,0.0,0.0
2015-09-09 15:43:00,68,0.0,0,0.0,0.0,0.0
2015-09-09 15:48:00,70,0.0,0,0.0,0.0,0.0
2015-09-09 16:08:00,67,0.0,0,0.0,0.0,0.0
2015-09-09 16:13:00,70,0.0,0,0.0,0.0,0.0
2015-09-09 16:23:00,65,0.0,0,0.0,0.0,0.0
2015-09-09 16:33:00,67,0.0,0,0.0,0.0,0.0
2015-09-09 16:43:00,71,0.0,0,0.0,0.0,0.0
2015-09-09 16:48:00,69,0.0,0,0.0,0.0,0.0
2015-09-09 16:53:00,64,0.5205494009293709,0,0.0,0.0,0.0
2015-09-09 16:58:00,63,0.5348656923253701,0,0.0,0.0,0.0
2015-09-09 17:03:00,62,0.5420131369575556,0,0.0,0.0,0.0
2015-09-09 17:08:00,55,0.5446253104734174,0,0.0,0.0,0.0
2015-09-09 17:13:00,48,0.5448494958944309,0,0.0,0.0,0.0
2015-09-09 17:18:00,56,0.5448494959027892,0,0.0,0.0,0.0
2015-09-09 17:23:00,51,0.5448494959027919,0,0.0,0.0,0.0
2015-09-09 17:28:00,60,0.5448494959027921,0,0.0,0.0,0.0
2015-09-09 17:33:00,43,0.5448494959027921,0,0.0,0.0,0.0
2015-09-09 17:38:00,62,0.542603098312867,0,0.0,0.0,0.0
2015-09-09 17:43:00,70,0.542603098312867,0,0.0,0.0,0.0
2015-09-09 17:48:00,65,0.542603098312867,0,0.0,0.0,0.0
2015-09-09 17:58:00,70,0.542603098312867,0,0.0,0.0,0.0
2015-09-09 18:03:00,67,0.542603098312867,0,0.0,0.0,0.0
2015-09-09 18:13:00,70,0.542603098312867,0,0.0,0.0,0.0
2015-09-09 18:18:00,67,0.542603098312867,0,0.0,0.0,0.0
2015-09-09 18:23:00,69,0.542603098312498,0,0.0,0.0,0.0
2015-09-09 18:28:00,69,0.5426030983124885,0,0.0,0.0,0.0
2015-09-09 18:38:00,68,0.4756925353337703,0,0.0,0.0,0.0
2015-09-09 18:43:00,67,0.4316142926123474,0,0.0,0.0,0.0
2015-09-09 19:03:00,66,0.4015667175626709,0,0.0,0.0,0.0
2015-09-09 19:38:00,63,0.4275164589342111,0,0.0,0.0,0.0
2015-09-09 19:48:00,68,0.4418852290206709,0,0.0,0.0,0.0
2015-09-09 20:03:00,68,0.4550891389725422,0,0.0,0.0,0.0
2015-09-09 20:13:00,65,0.4163269204655462,0,0.0,0.0,0.0
2015-09-09 20:18:00,60,0.4979004361823326,0,0.0,0.0,0.0
2015-09-09 20:23:00,65,0.5037749053809863,0,0.0,0.0,0.0
2015-09-09 20:38:00,64,0.5126754235240597,0,0.0,0.0,0.0
2015-09-09 20:58:00,57,0.516579189288693,0,0.0,0.0,0.0
2015-09-09 21:13:00,57,0.5169185600705486,0,0.0,0.0,0.0
2015-09-09 21:28:00,62,0.5169187471325876,0,0.0,0.0,0.0
2015-09-09 21:33:00,55,0.5169176633623723,0,0.0,0.0,0.0
2015-09-09 21:48:00,61,0.5169182263926521,0,0.0,0.0,0.0
2015-09-09 21:53:00,61,0.516918515518197,0,0.0,0.0,0.0
2015-09-09 22:33:00,58,0.5169190601440729,0,0.0,0.0,0.0
2015-09-09 22:41:00,65,0.5169190170227506,0,0.0,0.0,0.0
2015-09-09 23:38:00,65,0.5040070311675705,0,0.0,0.0,0.0
2015-09-09 23:53:00,62,0.5040073653654521,0,0.0,0.0,0.0
2015-09-10 05:33:00,68,0.5040073639298176,0,0.0,0.0,0.0
2015-09-10 05:45:00,61,0.5040059152983954,0,0.0,0.0,0.0
2015-09-10 08:00:00,62,0.5040073301657247,0,0.0,0.0,0.0
2015-09-10 08:18:00,73,0.5040072954226903,0,0.0,0.0,0.0
2015-09-10 08:33:00,70,0.5040072419946379,0,0.0,0.0,0.0
2015-09-10 08:43:00,65,0.5040034199556231,0,0.0,0.0,0.0
2015-09-10 08:53:00,65,0.5035409872563272,0,0.0,0.0,0.0
2015-09-10 09:13:00,61,0.5031055887959519,0,0.0,0.0,0.0
2015-09-10 09:23:00,64,0.5031170847299398,0,0.0,0.0,0.0
2015-09-10 09:28:00,62,0.5031154686118878,0,0.0,0.0,0.0
2015-09-10 09:48:00,75,0.5031179921987771,0,0.0,0.0,0.0
2015-09-10 09:52:00,66,0.5031174615434684,0,0.0,0.0,0.0
2015-09-10 10:02:00,71,0.5030931345033568,0,0.0,0.0,0.0
2015-09-10 10:07:00,66,0.5030972753133974,0,0.0,0.0,0.0
2015-09-10 10:22:00,67,0.5030971617531389,0,0.0,0.0,0.0
2015-09-10 10:27:00,65,0.5028908459430121,0,0.0,0.0,0.0
2015-09-10 10:32:00,67,0.5029851410154975,0,0.0,0.0,0.0
2015-09-10 10:42:00,67,0.5027586039035694,0,0.0,0.0,0.0
2015-09-10 10:47:00,65,0.5000124384158909,0,0.0,0.0,0.0
2015-09-10 10:52:00,68,0.4998500111518254,0,0.0,0.0,0.0
2015-09-10 11:27:00,64,0.4727529857195965,0,0.0,0.0,0.0
2015-09-10 11:37:00,72,0.4861794921171359,0,0.0,0.0,0.0
2015-09-10 11:42:00,62,0.5023260720457221,0,0.0,0.0,0.0
2015-09-10 11:47:00,72,0.5027113106140015,0,0.0,0.0,0.0
2015-09-10 11:52:00,72,0.5028719960762253,0,0.0,0.0,0.0
2015-09-10 11:57:00,68,0.5040562401761723,0,0.0,0.0,0.0
2015-09-10 12:07:00,64,0.503894611391188,0,0.0,0.0,0.0
2015-09-10 12:12:00,63,0.5030382574694117,0,0.0,0.0,0.0
2015-09-10 12:37:00,65,0.5030864167979221,0,0.0,0.0,0.0
2015-09-10 12:42:00,72,0.5041279680974999,0,0.0,0.0,0.0
2015-09-10 12:57:00,67,0.5040978183133829,0,0.0,0.0,0.0
2015-09-10 13:07:00,66,0.5037667259481096,0,0.0,0.0,0.0
2015-09-10 13:17:00,71,0.5041944121842715,0,0.0,0.0,0.0
2015-09-10 13:32:00,71,0.5034182355280225,0,0.0,0.0,0.0
2015-09-10 13:42:00,67,0.503918736430206,0,0.0,0.0,0.0
2015-09-10 13:47:00,68,0.5039766187595776,0,0.0,0.0,0.0
2015-09-10 14:02:00,65,0.5037418919727569,0,0.0,0.0,0.0
2015-09-10 14:07:00,70,0.4956479446105433,0,0.0,0.0,0.0
2015-09-10 14:17:00,71,0.4993327480893623,0,0.0,0.0,0.0
2015-09-10 14:32:00,65,0.4900272211624855,0,0.0,0.0,0.0
2015-09-10 14:37:00,69,0.5006837861596396,0,0.0,0.0,0.0
2015-09-10 14:42:00,69,0.5005773730901538,0,0.0,0.0,0.0
2015-09-10 14:47:00,69,0.4908076882970687,0,0.0,0.0,0.0
2015-09-10 14:57:00,69,0.4886206527128982,0,0.0,0.0,0.0
2015-09-10 15:02:00,71,0.4987972224554998,0,0.0,0.0,0.0
2015-09-10 15:07:00,64,0.4978693092948346,0,0.0,0.0,0.0
2015-09-10 15:12:00,64,0.4918913572902749,0,0.0,0.0,0.0
2015-09-10 15:17:00,66,0.4901613908529596,0,0.0,0.0,0.0
2015-09-10 15:22:00,76,0.5049851999165441,0,0.0,0.0,0.0
2015-09-10 15:27:00,64,0.5049493387278053,0,0.0,0.0,0.0
2015-09-10 15:32:00,67,0.5050017478421013,0,0.0,0.0,0.0
2015-09-10 15:37:00,64,0.5050387296741428,0,0.0,0.0,0.0
2015-09-10 15:42:00,70,0.5044764226713342,0,0.0,0.0,0.0
2015-09-10 15:47:00,70,0.5042832779496585,0,0.0,0.0,0.0
2015-09-10 15:52:00,68,0.5040980484832391,0,0.0,0.0,0.0
2015-09-10 15:57:00,69,0.5039576704083417,0,0.0,0.0,0.0
2015-09-10 16:02:00,68,0.5031913285940899,0,0.0,0.0,0.0
2015-09-10 16:12:00,68,0.4715935272590542,0,0.0,0.0,0.0
2015-09-10 16:17:00,69,0.37945378148251385,0,0.0,0.0,0.0
2015-09-10 16:22:00,63,0.45626976743459396,0,0.0,0.0,0.0
2015-09-10 16:27:00,67,0.44532612537861577,0,0.0,0.0,0.0
2015-09-10 16:32:00,66,0.4315045261611404,0,0.0,0.0,0.0
2015-09-10 16:37:00,68,0.452485654274024,0,0.0,0.0,0.0
2015-09-10 16:42:00,66,0.4706567517687678,0,0.0,0.0,0.0
2015-09-10 16:47:00,67,0.4869024162670137,0,0.0,0.0,0.0
2015-09-10 16:52:00,67,0.4945918437731119,0,0.0,0.0,0.0
2015-09-10 16:57:00,68,0.4876551223655784,0,0.0,0.0,0.0
2015-09-10 17:02:00,64,0.4798084140762632,0,0.0,0.0,0.0
2015-09-10 17:07:00,67,0.4734788158054928,0,0.0,0.0,0.0
2015-09-10 17:12:00,62,0.4618339916198772,0,0.0,0.0,0.0
2015-09-10 17:17:00,67,0.4275104301820745,0,0.0,0.0,0.0
2015-09-10 17:22:00,66,0.4304467561413616,0,0.0,0.0,0.0
2015-09-10 17:32:00,66,0.44264905542516003,0,0.0,0.0,0.0
2015-09-10 17:37:00,67,0.4338986040013353,0,0.0,0.0,0.0
2015-09-10 17:42:00,62,0.4835178442736201,0,0.0,0.0,0.0
2015-09-10 17:47:00,63,0.5103024942771058,0,0.0,0.0,0.0
2015-09-10 17:52:00,66,0.5114769724872977,0,0.0,0.0,0.0
2015-09-10 18:07:00,69,0.5134542866519096,0,0.0,0.0,0.0
2015-09-10 18:12:00,70,0.514156632643841,0,0.0,0.0,0.0
2015-09-10 18:17:00,70,0.5192926375734738,0,0.0,0.0,0.0
2015-09-10 18:22:00,67,0.5195045556128299,0,0.0,0.0,0.0
2015-09-10 18:37:00,66,0.5190367373594897,0,0.0,0.0,0.0
2015-09-10 18:42:00,68,0.5197329342945726,0,0.0,0.0,0.0
2015-09-10 18:47:00,71,0.5140343232139836,0,0.0,0.0,0.0
2015-09-10 18:52:00,62,0.5036227816137367,0,0.0,0.0,0.0
2015-09-10 18:57:00,68,0.4391022763257033,0,0.0,0.0,0.0
2015-09-10 19:32:00,62,0.4949488469197447,0,0.0,0.0,0.0
2015-09-10 19:37:00,64,0.5134882583667841,0,0.0,0.0,0.0
2015-09-10 19:47:00,69,0.5040996725956032,0,0.0,0.0,0.0
2015-09-10 19:57:00,63,0.5078506917999146,0,0.0,0.0,0.0
2015-09-10 20:02:00,64,0.5115709647129598,0,0.0,0.0,0.0
2015-09-10 21:02:00,62,0.5112501810571446,0,0.0,0.0,0.0
2015-09-10 21:12:00,69,0.5132467056219122,0,0.0,0.0,0.0
2015-09-10 21:27:00,65,0.5141155873736142,0,0.0,0.0,0.0
2015-09-10 21:57:00,56,0.5145239253932379,0,0.0,0.0,0.0
2015-09-10 22:12:00,64,0.5151514329142782,0,0.0,0.0,0.0
2015-09-10 23:42:00,70,0.5151248858729767,0,0.0,0.0,0.0
2015-09-10 23:47:00,61,0.5155136558653944,0,0.0,0.0,0.0
2015-09-11 05:27:00,64,0.5155136526184941,0,0.0,0.0,0.0
2015-09-11 05:47:00,68,0.5155137394581082,0,0.0,0.0,0.0
2015-09-11 06:17:00,65,0.5155136961688659,0,0.0,0.0,0.0
2015-09-11 06:37:00,70,0.515513411790313,0,0.0,0.0,0.0
2015-09-11 06:42:00,65,0.5155131710115115,0,0.0,0.0,0.0
2015-09-11 06:57:00,65,0.5155126000391073,0,0.0,0.0,0.0
2015-09-11 07:07:00,70,0.513631305485265,0,0.0,0.0,0.0
2015-09-11 07:12:00,73,0.5151673559836769,0,0.0,0.0,0.0
2015-09-11 07:32:00,69,0.5149482088429198,0,0.0,0.0,0.0
2015-09-11 07:42:00,68,0.5058893812963291,0,0.0,0.0,0.0
2015-09-11 08:12:00,65,0.5060112595026575,0,0.0,0.0,0.0
2015-09-11 08:42:00,68,0.4563445530762309,0,0.0,0.0,0.0
2015-09-11 08:47:00,69,0.4714162563027297,0,0.0,0.0,0.0
2015-09-11 09:12:00,71,0.5066388790458006,0,0.0,0.0,0.0
2015-09-11 09:17:00,70,0.5116815692386699,0,0.0,0.0,0.0
2015-09-11 09:27:00,64,0.5137370502066861,0,0.0,0.0,0.0
2015-09-11 09:32:00,68,0.5113292569847426,0,0.0,0.0,0.0
2015-09-11 09:37:00,70,0.4825789160817397,0,0.0,0.0,0.0
2015-09-11 09:52:00,66,0.4867426989445204,0,0.0,0.0,0.0
2015-09-11 09:57:00,71,0.4877149465707733,0,0.0,0.0,0.0
2015-09-11 10:07:00,68,0.4998706384157538,0,0.0,0.0,0.0
2015-09-11 10:27:00,63,0.5066936432278265,0,0.0,0.0,0.0
2015-09-11 10:39:00,66,0.4929711156082646,0,0.0,0.0,0.0
2015-09-11 10:49:00,65,0.4908097037053861,0,0.0,0.0,0.0
2015-09-11 11:19:00,69,0.5085294423783967,0,0.0,0.0,0.0
2015-09-11 11:29:00,70,0.4936573488406351,0,0.0,0.0,0.0
2015-09-11 11:34:00,67,0.4918143221867121,0,0.0,0.0,0.0
2015-09-11 11:39:00,63,0.5094750256545811,0,0.0,0.0,0.0
2015-09-11 11:44:00,68,0.5053228970181837,0,0.0,0.0,0.0
2015-09-11 11:54:00,71,0.5051610890699941,0,0.0,0.0,0.0
2015-09-11 12:04:00,60,0.4954774228753114,0,0.0,0.0,0.0
2015-09-11 12:14:00,81,0.5207412242622257,0,0.0,0.0,0.0
2015-09-11 12:39:00,69,0.5207411058510493,0,0.0,0.0,0.0
2015-09-11 12:44:00,71,0.5207412430532399,0,0.0,0.0,0.0
2015-09-11 12:49:00,64,0.5207412210761883,0,0.0,0.0,0.0
2015-09-11 12:54:00,65,0.5226469663874447,0,0.0,0.0,0.0
2015-09-11 12:59:00,69,0.5226469657964519,0,0.0,0.0,0.0
2015-09-11 13:09:00,66,0.5226469649948823,0,0.0,0.0,0.0
2015-09-11 13:24:00,65,0.5226469646716921,0,0.0,0.0,0.0
2015-09-11 13:29:00,67,0.5226467878597892,0,0.0,0.0,0.0
2015-09-11 13:39:00,67,0.5226407426422154,0,0.0,0.0,0.0
2015-09-11 13:44:00,66,0.4792603005985228,0,0.0,0.0,0.0
2015-09-11 13:49:00,69,0.5068062203487267,0,0.0,0.0,0.0
2015-09-11 13:54:00,70,0.5062104985520183,0,0.0,0.0,0.0
2015-09-11 14:04:00,65,0.4750831174798414,0,0.0,0.0,0.0
2015-09-11 14:14:00,68,0.4425033896992597,0,0.0,0.0,0.0
2015-09-11 14:19:00,68,0.441977392279884,0,0.0,0.0,0.0
2015-09-11 14:24:00,66,0.4556292172217304,0,0.0,0.0,0.0
2015-09-11 14:29:00,67,0.3434744875332554,0,0.0,0.0,0.0
2015-09-11 14:39:00,66,0.3887822337379062,0,0.0,0.0,0.0
2015-09-11 14:44:00,67,0.3727648881337138,0,0.0,0.0,0.0
2015-09-11 14:54:00,66,0.2501551111654243,0,0.0,0.0,0.0
2015-09-11 14:59:00,65,0.3333805819385456,0,0.0,0.0,0.0
2015-09-11 15:09:00,69,0.28860830443309193,0,0.0,0.0,0.0
2015-09-11 15:14:00,69,0.3462170267338007,0,0.0,0.0,0.0
2015-09-11 15:19:00,70,0.4583494747088901,0,0.0,0.0,0.0
2015-09-11 15:24:00,67,0.4075247456217345,0,0.0,0.0,0.0
2015-09-11 15:29:00,68,0.4063363000768028,0,0.0,0.0,0.0
2015-09-11 15:34:00,64,0.4490472713649356,1,-1.0,-2.0,-1.0
2015-09-11 15:39:00,66,0.443469719577912,1,0.0,0.0,0.0
2015-09-11 15:44:00,66,0.4447941921915534,1,0.0,0.0,0.0
2015-09-11 15:49:00,62,0.5139535940553097,1,0.0,0.0,0.0
2015-09-11 15:54:00,66,0.5210882751403749,1,0.0,0.0,0.0
2015-09-11 15:59:00,60,0.5383256532544977,1,0.0,0.0,0.0
2015-09-11 16:04:00,66,0.5432203959289634,1,0.0,0.0,0.0
2015-09-11 16:09:00,68,0.5314546077175858,1,0.0,0.0,0.0
2015-09-11 16:14:00,64,0.5373312899872671,1,0.0,0.0,0.0
2015-09-11 16:19:00,66,0.5363076993692693,1,0.0,0.0,0.0
2015-09-11 16:24:00,60,0.5207853801584136,1,0.0,0.0,0.0
2015-09-11 16:29:00,70,0.5521713757610142,1,0.0,0.0,0.0
2015-09-11 16:34:00,65,0.5009740499966985,1,0.0,0.0,0.0
2015-09-11 16:39:00,59,0.5181204780068884,1,0.0,0.0,0.0
2015-09-11 16:44:00,23,0.5403872620081903,1,0.0,0.0,0.0
2015-09-11 16:49:00,52,0.5403872620081903,1,0.0,0.0,0.0
2015-09-11 16:54:00,56,0.5403872620081903,1,0.0,0.0,0.0
2015-09-11 16:59:00,67,0.5403872620081903,1,0.0,0.0,0.0
2015-09-11 17:04:00,63,0.5403872620081903,1,0.0,0.0,0.0
2015-09-11 17:09:00,61,0.5403872620081903,1,0.0,0.0,0.0
2015-09-11 17:14:00,65,0.5403872620081903,1,0.0,0.0,0.0
2015-09-11 17:19:00,63,0.5403872620081903,1,0.0,0.0,0.0
2015-09-11 17:24:00,62,0.5316952601383419,1,0.0,0.0,0.0
2015-09-11 17:29:00,66,0.5316952601383419,1,0.0,0.0,0.0
2015-09-11 17:34:00,62,0.5316952568462102,1,0.0,0.0,0.0
2015-09-11 17:39:00,70,0.531690874274568,1,0.0,0.0,0.0
2015-09-11 17:44:00,68,0.5305080955741508,1,0.0,0.0,0.0
2015-09-11 17:49:00,69,0.5314467886080347,1,0.0,0.0,0.0
2015-09-11 17:54:00,69,0.530594185525024,1,0.0,0.0,0.0
2015-09-11 17:59:00,69,0.5274059571659191,0,0.0,0.0,0.0
2015-09-11 18:04:00,64,0.5277503223855342,0,0.0,0.0,0.0
2015-09-11 18:09:00,68,0.5228599878618887,0,0.0,0.0,0.0
2015-09-11 18:11:00,70,0.4840449055054642,0,0.0,0.0,0.0
2015-09-11 18:16:00,65,0.5022168633713859,0,0.0,0.0,0.0
2015-09-11 18:21:00,70,0.476198816296619,0,0.0,0.0,0.0
2015-09-11 18:26:00,67,0.2463421781635809,0,0.0,0.0,0.0
2015-09-11 18:31:00,64,0.2826905242150711,0,0.0,0.0,0.0
2015-09-11 18:36:00,67,0.2437356872678987,0,0.0,0.0,0.0
2015-09-11 18:41:00,67,0.24007184245430324,0,0.0,0.0,0.0
2015-09-11 18:51:00,68,0.22014030629140105,0,0.0,0.0,0.0
2015-09-11 18:56:00,68,0.2763936106858532,0,0.0,0.0,0.0
2015-09-11 19:01:00,68,0.3176617592228099,0,0.0,0.0,0.0
2015-09-11 19:26:00,63,0.2755659730307266,0,0.0,0.0,0.0
2015-09-11 19:41:00,62,0.5237921428850396,0,0.0,0.0,0.0
2015-09-11 19:46:00,69,0.5254897956565909,0,0.0,0.0,0.0
2015-09-11 20:01:00,61,0.5376159571520013,0,0.0,0.0,0.0
2015-09-11 20:06:00,58,0.5504791980008125,0,0.0,0.0,0.0
2015-09-11 20:16:00,61,0.5505481431651331,0,0.0,0.0,0.0
2015-09-11 20:26:00,63,0.5505566550269606,0,0.0,0.0,0.0
2015-09-11 20:36:00,62,0.5649496619140522,0,0.0,0.0,0.0
2015-09-11 20:46:00,66,0.5649488951531556,0,0.0,0.0,0.0
2015-09-11 20:51:00,65,0.5649496888193373,0,0.0,0.0,0.0
2015-09-11 21:01:00,60,0.5649505388063856,0,0.0,0.0,0.0
2015-09-11 21:21:00,64,0.5649509492710865,0,0.0,0.0,0.0
2015-09-11 21:51:00,59,0.5649499994738932,0,0.0,0.0,0.0
2015-09-11 21:56:00,56,0.5649512625410845,0,0.0,0.0,0.0
2015-09-11 21:59:00,47,0.5649512654539356,0,0.0,0.0,0.0
2015-09-11 22:16:00,60,0.5649512654539149,0,0.0,0.0,0.0
2015-09-11 22:41:00,56,0.5632771808414105,0,0.0,0.0,0.0
2015-09-11 23:41:00,57,0.5632771808414162,0,0.0,0.0,0.0
2015-09-12 00:16:00,79,0.5632771808414168,0,0.0,0.0,0.0
2015-09-12 00:46:00,62,0.5632771808414168,0,0.0,0.0,0.0
2015-09-12 02:56:00,64,0.5632771808414168,0,0.0,0.0,0.0
2015-09-12 03:41:00,58,0.5632771808414168,0,0.0,0.0,0.0
2015-09-12 05:06:00,78,0.5632771808414168,0,0.0,0.0,0.0
2015-09-12 06:51:00,75,0.5632771808414168,0,0.0,0.0,0.0
2015-09-12 07:11:00,71,0.5632771808414168,0,0.0,0.0,0.0
2015-09-12 07:41:00,70,0.5451368706658803,0,0.0,0.0,0.0
2015-09-12 07:51:00,73,0.5451368706658803,0,0.0,0.0,0.0
2015-09-12 08:01:00,70,0.5451368706658803,0,0.0,0.0,0.0
2015-09-12 08:16:00,70,0.5451368686333644,0,0.0,0.0,0.0
2015-09-12 08:46:00,80,0.5451368706657952,0,0.0,0.0,0.0
2015-09-12 08:56:00,66,0.5451368706657611,0,0.0,0.0,0.0
2015-09-12 09:16:00,68,0.5451368706654744,0,0.0,0.0,0.0
2015-09-12 09:21:00,76,0.5451368706657086,0,0.0,0.0,0.0
2015-09-12 09:26:00,66,0.5451368706557552,0,0.0,0.0,0.0
2015-09-12 09:56:00,69,0.5384318405623104,0,0.0,0.0,0.0
2015-09-12 10:06:00,69,0.5384314935141277,0,0.0,0.0,0.0
2015-09-12 10:16:00,70,0.5384318072449923,0,0.0,0.0,0.0
2015-09-12 10:46:00,72,0.5384319426803089,0,0.0,0.0,0.0
2015-09-12 10:51:00,67,0.5384319426012545,0,0.0,0.0,0.0
2015-09-12 10:56:00,71,0.5383959796134387,0,0.0,0.0,0.0
2015-09-12 11:06:00,64,0.5383944487511166,0,0.0,0.0,0.0
2015-09-12 11:31:00,67,0.5383983060124771,0,0.0,0.0,0.0
2015-09-12 11:41:00,75,0.5383625986979402,0,0.0,0.0,0.0
2015-09-12 11:46:00,68,0.5354754608233449,0,0.0,0.0,0.0
2015-09-12 12:06:00,67,0.5347744452973785,0,0.0,0.0,0.0
2015-09-12 12:11:00,71,0.5353725143433503,0,0.0,0.0,0.0
2015-09-12 12:16:00,65,0.5353112269229393,0,0.0,0.0,0.0
2015-09-12 12:26:00,67,0.5344836393800365,0,0.0,0.0,0.0
2015-09-12 12:31:00,77,0.5355259384384161,0,0.0,0.0,0.0
2015-09-12 12:36:00,67,0.5355482883115714,0,0.0,0.0,0.0
2015-09-12 12:46:00,67,0.5355435264989399,0,0.0,0.0,0.0
2015-09-12 12:51:00,68,0.5355344015555948,0,0.0,0.0,0.0
2015-09-12 13:06:00,70,0.5087421159125062,0,0.0,0.0,0.0
2015-09-12 13:11:00,67,0.5013074466604049,0,0.0,0.0,0.0
2015-09-12 13:16:00,62,0.5106666276654835,0,0.0,0.0,0.0
2015-09-12 13:21:00,67,0.5103660915092171,0,0.0,0.0,0.0
2015-09-12 13:36:00,67,0.5105396432600616,0,0.0,0.0,0.0
2015-09-12 13:41:00,65,0.5105093489049175,0,0.0,0.0,0.0
2015-09-12 14:16:00,73,0.4960561210507571,0,0.0,0.0,0.0
2015-09-12 14:21:00,69,0.4893668786502081,0,0.0,0.0,0.0
2015-09-12 14:31:00,70,0.5064216068078143,0,0.0,0.0,0.0
2015-09-12 14:41:00,70,0.5020153233075559,0,0.0,0.0,0.0
2015-09-12 14:56:00,69,0.4990720376678944,0,0.0,0.0,0.0
2015-09-12 15:01:00,72,0.5023711732798746,0,0.0,0.0,0.0
2015-09-12 15:11:00,70,0.5023155555161508,0,0.0,0.0,0.0
2015-09-12 15:16:00,64,0.5023062998255444,0,0.0,0.0,0.0
2015-09-12 15:21:00,68,0.5023006512965903,0,0.0,0.0,0.0
2015-09-12 15:31:00,66,0.5016720287451584,0,0.0,0.0,0.0
2015-09-12 15:36:00,72,0.5018933864525433,0,0.0,0.0,0.0
2015-09-12 15:41:00,71,0.5008704246268388,0,0.0,0.0,0.0
2015-09-12 15:46:00,68,0.4994745844386124,0,0.0,0.0,0.0
2015-09-12 15:51:00,66,0.500495593512468,0,0.0,0.0,0.0
2015-09-12 15:56:00,70,0.5014259040097403,0,0.0,0.0,0.0
2015-09-12 16:01:00,68,0.4990174515203671,0,0.0,0.0,0.0
2015-09-12 16:11:00,65,0.4897164954016549,0,0.0,0.0,0.0
2015-09-12 16:16:00,72,0.485268224440901,0,0.0,0.0,0.0
2015-09-12 16:21:00,65,0.4888838978935571,0,0.0,0.0,0.0
2015-09-12 16:31:00,71,0.4950345364215832,0,0.0,0.0,0.0
2015-09-12 16:36:00,65,0.4978902946573545,0,0.0,0.0,0.0
2015-09-12 16:41:00,64,0.4968446349077643,0,0.0,0.0,0.0
2015-09-12 16:46:00,69,0.4983748596346192,0,0.0,0.0,0.0
2015-09-12 16:51:00,68,0.4931182301436013,0,0.0,0.0,0.0
2015-09-12 16:56:00,72,0.5004116334708253,0,0.0,0.0,0.0
2015-09-12 17:01:00,71,0.4987423607786601,0,0.0,0.0,0.0
2015-09-12 17:06:00,69,0.4911771287972958,0,0.0,0.0,0.0
2015-09-12 17:21:00,71,0.4998962816798478,0,0.0,0.0,0.0
2015-09-12 17:46:00,69,0.4924359685911313,0,0.0,0.0,0.0
2015-09-12 18:21:00,73,0.4924342469698831,0,0.0,0.0,0.0
2015-09-12 18:41:00,70,0.4790356871448602,0,0.0,0.0,0.0
2015-09-12 19:01:00,68,0.487081998933925,0,0.0,0.0,0.0
2015-09-12 19:21:00,62,0.5024277730778887,0,0.0,0.0,0.0
2015-09-12 19:26:00,69,0.5025777938979104,0,0.0,0.0,0.0
2015-09-12 19:46:00,72,0.5025692899650531,0,0.0,0.0,0.0
2015-09-12 19:51:00,65,0.5006362499132877,0,0.0,0.0,0.0
2015-09-12 20:06:00,60,0.5045008826687966,0,0.0,0.0,0.0
2015-09-12 20:31:00,62,0.5045235435221477,0,0.0,0.0,0.0
2015-09-12 20:51:00,66,0.5045261517680799,0,0.0,0.0,0.0
2015-09-12 21:21:00,68,0.5028262177333432,0,0.0,0.0,0.0
2015-09-12 21:36:00,63,0.5028312860210444,0,0.0,0.0,0.0
2015-09-12 21:51:00,70,0.5028318629433162,0,0.0,0.0,0.0
2015-09-12 22:46:00,74,0.5028321116714025,0,0.0,0.0,0.0
2015-09-12 23:01:00,62,0.5028329229655449,0,0.0,0.0,0.0
2015-09-12 23:06:00,59,0.5028328308391822,0,0.0,0.0,0.0
2015-09-12 23:31:00,59,0.5028329225238259,0,0.0,0.0,0.0
2015-09-13 06:31:00,62,0.5028322890040062,0,0.0,0.0,0.0
2015-09-13 07:51:00,70,0.502832891139946,0,0.0,0.0,0.0
2015-09-13 08:01:00,62,0.4972467397361585,0,0.0,0.0,0.0
2015-09-13 08:26:00,67,0.5002488180731088,0,0.0,0.0,0.0
2015-09-13 09:21:00,69,0.5021145102459192,0,0.0,0.0,0.0
2015-09-13 09:26:00,72,0.5023007936584638,0,0.0,0.0,0.0
2015-09-13 09:41:00,67,0.5023008029132098,0,0.0,0.0,0.0
2015-09-13 10:06:00,69,0.5023007688728102,0,0.0,0.0,0.0
2015-09-13 10:11:00,72,0.5022795111266527,0,0.0,0.0,0.0
2015-09-13 10:16:00,65,0.5022017585530533,0,0.0,0.0,0.0
2015-09-13 10:46:00,76,0.5020171342641269,0,0.0,0.0,0.0
2015-09-13 10:51:00,67,0.5011836799365688,0,0.0,0.0,0.0
2015-09-13 10:56:00,72,0.5013733454837669,0,0.0,0.0,0.0
2015-09-13 11:06:00,70,0.5021198439543149,0,0.0,0.0,0.0
2015-09-13 11:11:00,65,0.5019280399957321,0,0.0,0.0,0.0
2015-09-13 11:26:00,71,0.5016998072302907,0,0.0,0.0,0.0
2015-09-13 11:31:00,69,0.5010983065613913,0,0.0,0.0,0.0
2015-09-13 11:46:00,64,0.5011883689400661,0,0.0,0.0,0.0
2015-09-13 11:51:00,67,0.4887175280265585,0,0.0,0.0,0.0
2015-09-13 11:56:00,69,0.4968289569240282,0,0.0,0.0,0.0
2015-09-13 12:06:00,66,0.5015377193111986,0,0.0,0.0,0.0
2015-09-13 12:21:00,73,0.500349379690188,0,0.0,0.0,0.0
2015-09-13 12:26:00,70,0.4830792023289808,0,0.0,0.0,0.0
2015-09-13 12:31:00,66,0.4929345597192389,0,0.0,0.0,0.0
2015-09-13 12:41:00,66,0.4964147617889298,0,0.0,0.0,0.0
2015-09-13 12:53:00,66,0.4982373230528893,0,0.0,0.0,0.0
2015-09-13 12:58:00,70,0.4975858637797664,0,0.0,0.0,0.0
2015-09-13 13:03:00,67,0.4846901853783092,0,0.0,0.0,0.0
2015-09-13 13:08:00,72,0.4756735615686623,0,0.0,0.0,0.0
2015-09-13 13:13:00,69,0.4959655257427622,0,0.0,0.0,0.0
2015-09-13 13:18:00,66,0.5024458602408924,0,0.0,0.0,0.0
2015-09-13 13:23:00,68,0.4493571532452488,0,0.0,0.0,0.0
2015-09-13 13:28:00,65,0.4507355562375999,0,0.0,0.0,0.0
2015-09-13 13:38:00,67,0.4497048954430159,0,0.0,0.0,0.0
2015-09-13 13:43:00,64,0.4702056585639898,0,0.0,0.0,0.0
2015-09-13 13:53:00,66,0.4992008646323984,0,0.0,0.0,0.0
2015-09-13 13:58:00,68,0.4962047033197152,0,0.0,0.0,0.0
2015-09-13 14:13:00,68,0.4976506865345282,0,0.0,0.0,0.0
2015-09-13 14:23:00,67,0.5027559187803938,0,0.0,0.0,0.0
2015-09-13 14:28:00,59,0.5092128913789088,0,0.0,0.0,0.0
2015-09-13 14:38:00,64,0.5092161789252391,0,0.0,0.0,0.0
2015-09-13 14:48:00,67,0.5092140277743957,0,0.0,0.0,0.0
2015-09-13 14:53:00,65,0.5089987047315765,0,0.0,0.0,0.0
2015-09-13 15:13:00,67,0.5085951137401507,0,0.0,0.0,0.0
2015-09-13 15:23:00,66,0.5085932023506862,0,0.0,0.0,0.0
2015-09-13 15:28:00,68,0.5088244603626821,0,0.0,0.0,0.0
2015-09-13 15:33:00,66,0.5091716678056124,0,0.0,0.0,0.0
2015-09-13 15:38:00,72,0.5089081402462099,0,0.0,0.0,0.0
2015-09-13 15:43:00,71,0.5073820538594216,0,0.0,0.0,0.0
2015-09-13 15:48:00,69,0.504742027950407,0,0.0,0.0,0.0
2015-09-13 16:03:00,61,0.5074971151833167,0,0.0,0.0,0.0
2015-09-13 16:08:00,67,0.5072805788977935,0,0.0,0.0,0.0
2015-09-13 16:18:00,66,0.5036285542352096,0,0.0,0.0,0.0
2015-09-13 16:28:00,74,0.5066416813505311,0,0.0,0.0,0.0
2015-09-13 16:48:00,65,0.5087294640154338,0,0.0,0.0,0.0
2015-09-13 16:53:00,69,0.5087235645301089,0,0.0,0.0,0.0
2015-09-13 16:58:00,64,0.5079574144296883,0,0.0,0.0,0.0
2015-09-13 17:03:00,67,0.5078350954177666,0,0.0,0.0,0.0
2015-09-13 17:13:00,69,0.5077285577474501,0,0.0,0.0,0.0
2015-09-13 17:18:00,62,0.5082499636419396,0,0.0,0.0,0.0
2015-09-13 17:23:00,63,0.5081193809771635,0,0.0,0.0,0.0
2015-09-13 17:43:00,73,0.5086162225593587,0,0.0,0.0,0.0
2015-09-13 17:48:00,64,0.5086525448481012,0,0.0,0.0,0.0
2015-09-13 17:53:00,67,0.5084194046195613,0,0.0,0.0,0.0
2015-09-13 17:58:00,65,0.5082760747977856,0,0.0,0.0,0.0
2015-09-13 18:08:00,67,0.5057660029203757,0,0.0,0.0,0.0
2015-09-13 18:18:00,65,0.5041097641719957,0,0.0,0.0,0.0
2015-09-13 18:23:00,74,0.5047990571970467,0,0.0,0.0,0.0
2015-09-13 18:33:00,65,0.5062726898172595,0,0.0,0.0,0.0
2015-09-13 18:38:00,70,0.5057394062321657,0,0.0,0.0,0.0
2015-09-13 18:43:00,70,0.5054491770282902,0,0.0,0.0,0.0
2015-09-13 18:48:00,69,0.4984965337714325,0,0.0,0.0,0.0
2015-09-13 18:58:00,69,0.4993547369618605,0,0.0,0.0,0.0
2015-09-13 19:08:00,63,0.4971559698931672,0,0.0,0.0,0.0
2015-09-13 19:13:00,63,0.4966644509466873,0,0.0,0.0,0.0
2015-09-13 19:33:00,65,0.5032690043759799,0,0.0,0.0,0.0
2015-09-13 19:43:00,56,0.5054129555986753,0,0.0,0.0,0.0
2015-09-13 19:48:00,69,0.5054114276123259,0,0.0,0.0,0.0
2015-09-13 20:13:00,63,0.5054124115134682,0,0.0,0.0,0.0
2015-09-13 20:33:00,66,0.5054110767398654,0,0.0,0.0,0.0
2015-09-13 20:43:00,66,0.5054082342541447,0,0.0,0.0,0.0
2015-09-13 20:48:00,64,0.5054095104791243,0,0.0,0.0,0.0
2015-09-13 21:08:00,68,0.5054043091233571,0,0.0,0.0,0.0
2015-09-13 21:28:00,55,0.504990208307581,0,0.0,0.0,0.0
2015-09-13 22:48:00,75,0.5049905859667527,0,0.0,0.0,0.0
2015-09-13 22:53:00,69,0.5049905859621503,0,0.0,0.0,0.0
2015-09-13 23:33:00,62,0.5049904678076791,0,0.0,0.0,0.0
2015-09-14 00:33:00,68,0.5049904963430342,0,0.0,0.0,0.0
2015-09-14 05:53:00,66,0.5049886581932598,0,0.0,0.0,0.0
2015-09-14 06:18:00,66,0.5049874540696383,0,0.0,0.0,0.0
2015-09-14 06:28:00,75,0.5049905853317438,0,0.0,0.0,0.0
2015-09-14 06:48:00,65,0.5049905155540477,0,0.0,0.0,0.0
2015-09-14 06:53:00,68,0.5048538052306168,0,0.0,0.0,0.0
2015-09-14 06:58:00,71,0.5043585883606456,0,0.0,0.0,0.0
2015-09-14 07:08:00,69,0.5040642971744056,0,0.0,0.0,0.0
2015-09-14 07:28:00,67,0.4996828885352094,0,0.0,0.0,0.0
2015-09-14 07:33:00,68,0.4992044585174414,0,0.0,0.0,0.0
2015-09-14 07:38:00,67,0.5016329769229348,0,0.0,0.0,0.0
2015-09-14 07:48:00,71,0.5042395124055437,0,0.0,0.0,0.0
2015-09-14 07:58:00,67,0.5042530196389938,0,0.0,0.0,0.0
2015-09-14 08:13:00,65,0.4971543896544812,0,0.0,0.0,0.0
2015-09-14 08:28:00,66,0.4840149913426411,0,0.0,0.0,0.0
2015-09-14 08:33:00,64,0.492859414037277,0,0.0,0.0,0.0
2015-09-14 08:48:00,60,0.5041490030513072,0,0.0,0.0,0.0
2015-09-14 08:53:00,69,0.5026787354285694,0,0.0,0.0,0.0
2015-09-14 09:03:00,66,0.5033776386556473,0,0.0,0.0,0.0
2015-09-14 09:08:00,73,0.5050587620855168,0,0.0,0.0,0.0
2015-09-14 09:13:00,70,0.5049549640328327,0,0.0,0.0,0.0
2015-09-14 09:23:00,72,0.5046999132853315,0,0.0,0.0,0.0
2015-09-14 09:28:00,62,0.504239143398732,0,0.0,0.0,0.0
2015-09-14 09:33:00,70,0.5053738565845138,0,0.0,0.0,0.0
2015-09-14 09:38:00,69,0.5054919567472195,0,0.0,0.0,0.0
2015-09-14 09:43:00,69,0.5058420988220012,0,0.0,0.0,0.0
2015-09-14 09:48:00,69,0.5052005017881581,0,0.0,0.0,0.0
2015-09-14 09:53:00,71,0.5055423518222739,0,0.0,0.0,0.0
2015-09-14 09:58:00,68,0.5057270112649469,0,0.0,0.0,0.0
2015-09-14 10:13:00,63,0.5043918785782524,0,0.0,0.0,0.0
2015-09-14 10:18:00,68,0.5040036158743699,0,0.0,0.0,0.0
2015-09-14 10:23:00,68,0.5028975353736382,0,0.0,0.0,0.0
2015-09-14 10:28:00,66,0.4862087702257441,0,0.0,0.0,0.0
2015-09-14 10:33:00,70,0.4865591199641909,0,0.0,0.0,0.0
2015-09-14 10:43:00,70,0.4739888622571053,0,0.0,0.0,0.0
2015-09-14 10:48:00,65,0.4603430514878072,0,0.0,0.0,0.0
2015-09-14 11:03:00,74,0.4898774928509616,0,0.0,0.0,0.0
2015-09-14 11:13:00,67,0.4982852486250947,0,0.0,0.0,0.0
2015-09-14 11:18:00,64,0.4949254474430979,0,0.0,0.0,0.0
2015-09-14 11:23:00,70,0.4973710676277552,0,0.0,0.0,0.0
2015-09-14 11:28:00,70,0.5028054925506995,0,0.0,0.0,0.0
2015-09-14 11:33:00,66,0.4970761718453027,0,0.0,0.0,0.0
2015-09-14 11:43:00,67,0.4924125825321071,0,0.0,0.0,0.0
2015-09-14 12:03:00,63,0.5006177832766743,0,0.0,0.0,0.0
2015-09-14 12:08:00,70,0.4958720129047916,0,0.0,0.0,0.0
2015-09-14 12:13:00,63,0.5016292929681395,0,0.0,0.0,0.0
2015-09-14 12:23:00,71,0.4959846416544503,0,0.0,0.0,0.0
2015-09-14 12:28:00,62,0.5031464693284515,0,0.0,0.0,0.0
2015-09-14 12:38:00,67,0.502146490316797,0,0.0,0.0,0.0
2015-09-14 12:43:00,68,0.5007396249080397,0,0.0,0.0,0.0
2015-09-14 12:48:00,73,0.5014169779021855,0,0.0,0.0,0.0
2015-09-14 12:53:00,67,0.5007179370914302,0,0.0,0.0,0.0
2015-09-14 13:15:00,65,0.5014208514894781,0,0.0,0.0,0.0
2015-09-14 13:20:00,63,0.5007286768173675,0,0.0,0.0,0.0
2015-09-14 13:25:00,72,0.5016132006671375,0,0.0,0.0,0.0
2015-09-14 13:35:00,65,0.5011239908418794,0,0.0,0.0,0.0
2015-09-14 13:40:00,64,0.5011006204016376,0,0.0,0.0,0.0
2015-09-14 13:45:00,71,0.501802452478421,0,0.0,0.0,0.0
2015-09-14 13:50:00,66,0.5019543226492009,0,0.0,0.0,0.0
2015-09-14 13:55:00,59,0.5018599162648193,0,0.0,0.0,0.0
2015-09-14 14:15:00,57,0.5020905616433027,0,0.0,0.0,0.0
2015-09-14 14:20:00,66,0.5020905653343195,0,0.0,0.0,0.0
2015-09-14 14:25:00,71,0.5020905857657199,0,0.0,0.0,0.0
2015-09-14 14:35:00,69,0.5020905845607315,0,0.0,0.0,0.0
2015-09-14 14:40:00,67,0.5020905738568029,0,0.0,0.0,0.0
2015-09-14 14:45:00,66,0.5020905656150018,0,0.0,0.0,0.0
2015-09-14 14:50:00,67,0.5020778960152921,0,0.0,0.0,0.0
2015-09-14 14:55:00,65,0.5020819206068073,0,0.0,0.0,0.0
2015-09-14 15:00:00,70,0.5017892755185499,0,0.0,0.0,0.0
2015-09-14 15:10:00,66,0.5015354622526621,0,0.0,0.0,0.0
2015-09-14 15:15:00,66,0.4576131798786112,0,0.0,0.0,0.0
2015-09-14 15:20:00,61,0.4953710457966363,0,0.0,0.0,0.0
2015-09-14 15:30:00,68,0.4945233031619957,0,0.0,0.0,0.0
2015-09-14 15:35:00,69,0.4964712748044146,0,0.0,0.0,0.0
2015-09-14 15:40:00,63,0.500296448234645,0,0.0,0.0,0.0
2015-09-14 15:50:00,67,0.498727442467925,0,0.0,0.0,0.0
2015-09-14 15:55:00,66,0.5011893933202703,0,0.0,0.0,0.0
2015-09-14 16:00:00,65,0.5018548591652499,0,0.0,0.0,0.0
2015-09-14 16:05:00,67,0.5015355384439719,0,0.0,0.0,0.0
2015-09-14 16:20:00,65,0.5024463035315321,0,0.0,0.0,0.0
2015-09-14 16:25:00,66,0.5013036995003531,0,0.0,0.0,0.0
2015-09-14 16:30:00,65,0.49649282285699503,0,0.0,0.0,0.0
2015-09-14 16:35:00,64,0.5000333111488432,0,0.0,0.0,0.0
2015-09-14 16:40:00,66,0.5009360846143635,0,0.0,0.0,0.0
2015-09-14 16:45:00,62,0.4976156117380635,0,0.0,0.0,0.0
2015-09-14 16:50:00,65,0.4987603380546444,0,0.0,0.0,0.0
2015-09-14 16:55:00,67,0.42638275472172255,0,0.0,0.0,0.0
2015-09-14 17:00:00,59,0.4732242867519396,0,0.0,0.0,0.0
2015-09-14 17:05:00,36,0.5067848475598558,0,0.0,0.0,0.0
2015-09-14 17:10:00,21,0.5067848475598558,0,0.0,0.0,0.0
2015-09-14 17:15:00,52,0.5067848475598558,0,0.0,0.0,0.0
2015-09-14 17:20:00,60,0.5067848475598558,0,0.0,0.0,0.0
2015-09-14 17:25:00,51,0.5067848475598558,0,0.0,0.0,0.0
2015-09-14 17:30:00,68,0.5067848475598558,0,0.0,0.0,0.0
2015-09-14 17:35:00,60,0.5067848475598558,0,0.0,0.0,0.0
2015-09-14 17:40:00,42,0.5086006010444518,0,0.0,0.0,0.0
2015-09-14 17:45:00,65,0.5086006010444518,0,0.0,0.0,0.0
2015-09-14 17:50:00,59,0.5086006010444518,0,0.0,0.0,0.0
2015-09-14 17:55:00,69,0.5086006010444518,0,0.0,0.0,0.0
2015-09-14 18:00:00,68,0.5086006010444518,0,0.0,0.0,0.0
2015-09-14 18:05:00,66,0.5086006010444518,0,0.0,0.0,0.0
2015-09-14 18:10:00,66,0.5086006010444518,0,0.0,0.0,0.0
2015-09-14 18:20:00,66,0.5086006010444518,0,0.0,0.0,0.0
2015-09-14 18:25:00,68,0.5086006010444518,0,0.0,0.0,0.0
2015-09-14 18:30:00,67,0.5086002521261674,0,0.0,0.0,0.0
2015-09-14 18:35:00,67,0.4825446851007169,0,0.0,0.0,0.0
2015-09-14 18:45:00,65,0.4752465530101541,0,0.0,0.0,0.0
2015-09-14 18:50:00,66,0.37731503915118897,0,0.0,0.0,0.0
2015-09-14 19:01:00,68,0.4322122416891158,0,0.0,0.0,0.0
2015-09-14 19:05:00,68,0.4762367468459478,0,0.0,0.0,0.0
2015-09-14 19:15:00,66,0.4624796335066481,0,0.0,0.0,0.0
2015-09-14 19:20:00,69,0.4701075436506855,0,0.0,0.0,0.0
2015-09-14 19:30:00,64,0.4687330263291542,0,0.0,0.0,0.0
2015-09-14 19:35:00,68,0.3927267065199468,0,0.0,0.0,0.0
2015-09-14 19:45:00,65,0.4186262759586932,0,0.0,0.0,0.0
2015-09-14 20:00:00,65,0.4351460969459437,0,0.0,0.0,0.0
2015-09-14 20:10:00,66,0.4003102888544741,0,0.0,0.0,0.0
2015-09-14 20:15:00,58,0.4953034699687822,0,0.0,0.0,0.0
2015-09-14 20:20:00,71,0.5206454441476259,0,0.0,0.0,0.0
2015-09-14 20:25:00,61,0.5217656457299807,0,0.0,0.0,0.0
2015-09-14 20:30:00,72,0.5213423570022607,0,0.0,0.0,0.0
2015-09-14 20:35:00,64,0.5213915198033565,0,0.0,0.0,0.0
2015-09-14 20:40:00,64,0.5282558942547274,0,0.0,0.0,0.0
2015-09-14 20:45:00,67,0.5281518041504338,0,0.0,0.0,0.0
2015-09-14 20:50:00,65,0.5285411760070918,0,0.0,0.0,0.0
2015-09-14 21:30:00,65,0.5285323472844032,0,0.0,0.0,0.0
2015-09-14 21:35:00,65,0.5285300704142185,0,0.0,0.0,0.0
2015-09-14 21:45:00,74,0.5285363707496777,0,0.0,0.0,0.0
2015-09-14 22:06:00,61,0.5285006190236176,0,0.0,0.0,0.0
2015-09-14 22:21:00,60,0.5285394830638748,0,0.0,0.0,0.0
2015-09-14 22:30:00,64,0.5285370235244845,0,0.0,0.0,0.0
2015-09-14 22:40:00,66,0.5284506275965758,0,0.0,0.0,0.0
2015-09-14 22:45:00,66,0.5284286821783554,0,0.0,0.0,0.0
2015-09-14 22:50:00,70,0.5284567090619844,0,0.0,0.0,0.0
2015-09-15 03:45:00,62,0.5284584068800156,0,0.0,0.0,0.0
2015-09-15 04:10:00,64,0.5284590887570825,0,0.0,0.0,0.0
2015-09-15 04:31:00,61,0.5284599000419504,0,0.0,0.0,0.0
2015-09-15 04:55:00,90,0.5284612400998474,0,0.0,0.0,0.0
2015-09-15 05:26:00,60,0.5284612400998473,0,0.0,0.0,0.0
2015-09-15 05:31:00,66,0.5284612400998474,0,0.0,0.0,0.0
2015-09-15 05:41:00,63,0.5276513139432655,0,0.0,0.0,0.0
2015-09-15 05:46:00,76,0.5276513139432667,0,0.0,0.0,0.0
2015-09-15 05:51:00,56,0.5276513139432667,0,0.0,0.0,0.0
2015-09-15 06:05:00,72,0.5276513139432667,0,0.0,0.0,0.0
2015-09-15 06:45:00,66,0.5276513139432667,0,0.0,0.0,0.0
2015-09-15 07:06:00,67,0.5276513139432667,0,0.0,0.0,0.0
2015-09-15 07:11:00,63,0.5276513139432667,0,0.0,0.0,0.0
2015-09-15 07:16:00,67,0.5276504060536016,0,0.0,0.0,0.0
2015-09-15 07:21:00,70,0.5276503946524813,0,0.0,0.0,0.0
2015-09-15 07:26:00,70,0.5273906438179783,0,0.0,0.0,0.0
2015-09-15 07:31:00,71,0.5273903586693603,0,0.0,0.0,0.0
2015-09-15 07:46:00,62,0.5269740023058046,0,0.0,0.0,0.0
2015-09-15 07:51:00,69,0.5264108611095779,0,0.0,0.0,0.0
2015-09-15 07:56:00,67,0.5225739026317379,0,0.0,0.0,0.0
2015-09-15 08:11:00,66,0.5224137663332973,0,0.0,0.0,0.0
2015-09-15 08:21:00,65,0.5215122640558629,0,0.0,0.0,0.0
2015-09-15 08:26:00,61,0.5212784665805872,0,0.0,0.0,0.0
2015-09-15 08:31:00,68,0.5242519449805519,0,0.0,0.0,0.0
2015-09-15 08:41:00,66,0.519056627232771,0,0.0,0.0,0.0
2015-09-15 08:46:00,67,0.5214753046474578,0,0.0,0.0,0.0
2015-09-15 08:51:00,66,0.4996136897509206,0,0.0,0.0,0.0
2015-09-15 08:56:00,66,0.4869500244984135,0,0.0,0.0,0.0
2015-09-15 09:01:00,70,0.5073457133201769,0,0.0,0.0,0.0
2015-09-15 09:06:00,71,0.5207855046849741,0,0.0,0.0,0.0
2015-09-15 09:16:00,65,0.5046250431407587,0,0.0,0.0,0.0
2015-09-15 09:21:00,63,0.5154185737099493,0,0.0,0.0,0.0
2015-09-15 09:31:00,63,0.5156665223869854,0,0.0,0.0,0.0
2015-09-15 09:36:00,63,0.5260793781818629,0,0.0,0.0,0.0
2015-09-15 09:41:00,62,0.5291171236564116,0,0.0,0.0,0.0
2015-09-15 09:46:00,65,0.5292787027975144,0,0.0,0.0,0.0
2015-09-15 09:51:00,61,0.5305554763091598,0,0.0,0.0,0.0
2015-09-15 10:01:00,72,0.5309554247494628,0,0.0,0.0,0.0
2015-09-15 10:16:00,67,0.5309885979605543,0,0.0,0.0,0.0
2015-09-15 10:26:00,66,0.530898712333286,0,0.0,0.0,0.0
2015-09-15 10:31:00,74,0.5309953305790129,0,0.0,0.0,0.0
2015-09-15 10:36:00,66,0.5310016444118097,0,0.0,0.0,0.0
2015-09-15 10:41:00,70,0.5285660588545994,0,0.0,0.0,0.0
2015-09-15 10:46:00,67,0.5285302978579977,0,0.0,0.0,0.0
2015-09-15 11:06:00,68,0.5282891325627702,0,0.0,0.0,0.0
2015-09-15 11:11:00,66,0.5282808885361813,0,0.0,0.0,0.0
2015-09-15 11:16:00,65,0.5283669450297873,0,0.0,0.0,0.0
2015-09-15 11:21:00,60,0.5284021940824662,0,0.0,0.0,0.0
2015-09-15 11:31:00,66,0.5284448349118366,0,0.0,0.0,0.0
2015-09-15 11:36:00,67,0.5284543939707299,0,0.0,0.0,0.0
2015-09-15 11:41:00,66,0.5227563204583628,0,0.0,0.0,0.0
2015-09-15 11:46:00,67,0.5120319128467018,0,0.0,0.0,0.0
2015-09-15 11:51:00,66,0.3725039321389185,0,0.0,0.0,0.0
2015-09-15 11:56:00,67,0.4210765559303877,0,0.0,0.0,0.0
2015-09-15 12:06:00,69,0.4434896144574887,0,0.0,0.0,0.0
2015-09-15 12:11:00,69,0.4356963412487507,0,0.0,0.0,0.0
2015-09-15 12:16:00,71,0.5132791295070899,0,0.0,0.0,0.0
2015-09-15 12:21:00,64,0.4536956388718962,0,0.0,0.0,0.0
2015-09-15 12:26:00,69,0.43445475496469854,0,0.0,0.0,0.0
2015-09-15 12:31:00,68,0.3775899594581833,0,0.0,0.0,0.0
2015-09-15 12:36:00,67,0.3949172917715048,0,0.0,0.0,0.0
2015-09-15 12:41:00,66,0.3963039095664768,0,0.0,0.0,0.0
2015-09-15 12:46:00,68,0.5044008276115949,0,0.0,0.0,0.0
2015-09-15 12:51:00,72,0.5263360601043299,0,0.0,0.0,0.0
2015-09-15 12:56:00,66,0.5237737305288489,0,0.0,0.0,0.0
2015-09-15 13:01:00,62,0.5271359032568333,0,0.0,0.0,0.0
2015-09-15 13:06:00,71,0.5246773624687658,0,0.0,0.0,0.0
2015-09-15 13:11:00,74,0.5282008525753055,0,0.0,0.0,0.0
2015-09-15 13:16:00,65,0.5282082103022385,0,0.0,0.0,0.0
2015-09-15 13:21:00,61,0.5332073682370805,0,0.0,0.0,0.0
2015-09-15 13:26:00,63,0.53279411748182,1,-1.0,-2.0,-1.0
2015-09-15 13:31:00,66,0.5331703255946675,1,0.0,0.0,0.0
2015-09-15 13:36:00,63,0.5329494305883756,1,0.0,0.0,0.0
2015-09-15 13:41:00,60,0.532978796718998,1,0.0,0.0,0.0
2015-09-15 13:46:00,59,0.5332451709404145,1,0.0,0.0,0.0
2015-09-15 13:51:00,60,0.5337825791202928,1,0.0,0.0,0.0
2015-09-15 13:54:00,56,0.5337829075287348,1,0.0,0.0,0.0
2015-09-15 13:59:00,49,0.5337829186514944,1,0.0,0.0,0.0
2015-09-15 14:04:00,43,0.5164647667912526,1,0.0,0.0,0.0
2015-09-15 14:09:00,59,0.5164649247440167,1,0.0,0.0,0.0
2015-09-15 14:14:00,51,0.5164649247440167,1,0.0,0.0,0.0
2015-09-15 14:19:00,42,0.5164649247440167,1,0.0,0.0,0.0
2015-09-15 14:24:00,25,0.5164649247440167,1,0.0,0.0,0.0
2015-09-15 14:29:00,10,0.5164649247440167,1,0.0,0.0,0.0
2015-09-15 14:34:00,8,0.5164649247440167,1,0.0,0.0,0.0
2015-09-15 14:39:00,46,0.5164649247440167,1,0.0,0.0,0.0
2015-09-15 14:44:00,65,0.5164649247440167,1,0.0,0.0,0.0
2015-09-15 14:49:00,68,0.5106863196491753,1,0.0,0.0,0.0
2015-09-15 14:54:00,67,0.5106863196491753,1,0.0,0.0,0.0
2015-09-15 14:59:00,64,0.5106863196491753,1,0.0,0.0,0.0
2015-09-15 15:04:00,67,0.5106863196491753,1,0.0,0.0,0.0
2015-09-15 15:09:00,62,0.5106863196491753,1,0.0,0.0,0.0
2015-09-15 15:14:00,66,0.5106863196491753,1,0.0,0.0,0.0
2015-09-15 15:24:00,68,0.5106863196491753,1,0.0,0.0,0.0
2015-09-15 15:34:00,65,0.5106863196429577,1,0.0,0.0,0.0
2015-09-15 15:39:00,65,0.4812898117500824,1,0.0,0.0,0.0
2015-09-15 15:44:00,68,0.4442388714734877,1,0.0,0.0,0.0
2015-09-15 15:49:00,66,0.4612990408169369,1,0.0,0.0,0.0
2015-09-15 15:54:00,64,0.4996579527984576,1,0.0,0.0,0.0
2015-09-15 15:59:00,64,0.5081455502071935,0,0.0,0.0,0.0
2015-09-15 16:04:00,63,0.5085873056157131,0,0.0,0.0,0.0
2015-09-15 16:09:00,63,0.4836867075872506,0,0.0,0.0,0.0
2015-09-15 16:14:00,67,0.5033403666498643,0,0.0,0.0,0.0
2015-09-15 16:19:00,63,0.5033597956947026,0,0.0,0.0,0.0
2015-09-15 16:24:00,66,0.4695388293406254,0,0.0,0.0,0.0
2015-09-15 16:29:00,67,0.4614684819906321,0,0.0,0.0,0.0
2015-09-15 16:34:00,65,0.4626637429857551,0,0.0,0.0,0.0
2015-09-15 16:39:00,65,0.4617405827076383,0,0.0,0.0,0.0
2015-09-15 16:44:00,64,0.4744305044192423,0,0.0,0.0,0.0
2015-09-15 16:49:00,69,0.5010455063076434,0,0.0,0.0,0.0
2015-09-15 16:54:00,65,0.4778837958030262,0,0.0,0.0,0.0
2015-09-15 16:59:00,65,0.4620283153286943,0,0.0,0.0,0.0
2015-09-15 17:04:00,62,0.4674715122963782,0,0.0,0.0,0.0
2015-09-15 17:09:00,57,0.5148990311001348,0,0.0,0.0,0.0
2015-09-15 17:14:00,52,0.5242054195438588,0,0.0,0.0,0.0
2015-09-15 17:19:00,51,0.5241715516603239,0,0.0,0.0,0.0
2015-09-15 17:24:00,62,0.5242194708768211,0,0.0,0.0,0.0
2015-09-15 17:29:00,59,0.524219473275654,0,0.0,0.0,0.0
2015-09-15 17:39:00,68,0.5242194732816183,0,0.0,0.0,0.0
2015-09-15 17:44:00,64,0.5242194732816187,0,0.0,0.0,0.0
2015-09-15 17:49:00,65,0.5242194732816108,0,0.0,0.0,0.0
2015-09-15 17:54:00,66,0.5242194732816189,0,0.0,0.0,0.0
2015-09-15 17:59:00,67,0.5242194732816189,0,0.0,0.0,0.0
2015-09-15 18:04:00,63,0.5189293444282305,0,0.0,0.0,0.0
2015-09-15 18:14:00,59,0.5189293430057506,0,0.0,0.0,0.0
2015-09-15 18:19:00,68,0.5168494611480363,0,0.0,0.0,0.0
2015-09-15 18:24:00,66,0.5168897248205891,0,0.0,0.0,0.0
2015-09-15 18:29:00,66,0.4968496369677604,0,0.0,0.0,0.0
2015-09-15 18:34:00,65,0.4872497056600567,0,0.0,0.0,0.0
2015-09-15 18:39:00,64,0.4696418391103401,0,0.0,0.0,0.0
2015-09-15 18:44:00,70,0.4125626361086558,0,0.0,0.0,0.0
2015-09-15 18:49:00,67,0.4776903016032413,0,0.0,0.0,0.0
2015-09-15 18:54:00,63,0.5091068538126852,0,0.0,0.0,0.0
2015-09-15 19:04:00,64,0.4984295677246182,0,0.0,0.0,0.0
2015-09-15 19:09:00,65,0.4653471975165273,0,0.0,0.0,0.0
2015-09-15 19:14:00,64,0.3801335268733583,0,0.0,0.0,0.0
2015-09-15 19:19:00,60,0.4936159005750592,0,0.0,0.0,0.0
2015-09-15 19:24:00,65,0.4930347875677271,0,0.0,0.0,0.0
2015-09-15 19:29:00,69,0.5126325286676399,0,0.0,0.0,0.0
2015-09-15 19:34:00,63,0.5096047907309006,0,0.0,0.0,0.0
2015-09-15 19:39:00,59,0.5136463231240647,0,0.0,0.0,0.0
2015-09-15 19:44:00,69,0.5156352865535302,0,0.0,0.0,0.0
2015-09-15 19:49:00,60,0.5165931978105827,0,0.0,0.0,0.0
2015-09-15 19:54:00,60,0.5166242906125517,0,0.0,0.0,0.0
2015-09-15 19:59:00,59,0.5166788563963177,0,0.0,0.0,0.0
2015-09-15 20:09:00,62,0.5166796912612792,0,0.0,0.0,0.0
2015-09-15 20:14:00,61,0.5166805870755415,0,0.0,0.0,0.0
2015-09-15 20:24:00,58,0.5166807879860011,0,0.0,0.0,0.0
2015-09-15 20:29:00,63,0.5166818633934082,0,0.0,0.0,0.0
2015-09-15 20:34:00,65,0.5166821898867093,0,0.0,0.0,0.0
2015-09-15 20:49:00,57,0.5166627304159973,0,0.0,0.0,0.0
2015-09-15 20:54:00,62,0.5166637325426818,0,0.0,0.0,0.0
2015-09-15 20:59:00,62,0.5166608195055215,0,0.0,0.0,0.0
2015-09-15 21:04:00,62,0.5166614083838633,0,0.0,0.0,0.0
2015-09-15 21:19:00,64,0.5166630757186447,0,0.0,0.0,0.0
2015-09-15 21:29:00,63,0.5166597755097282,0,0.0,0.0,0.0
2015-09-15 22:09:00,57,0.5166642649671576,0,0.0,0.0,0.0
2015-09-15 22:34:00,59,0.5166637351257848,0,0.0,0.0,0.0
2015-09-15 22:39:00,63,0.5166535195103111,0,0.0,0.0,0.0
2015-09-15 22:44:00,67,0.5110752745382728,0,0.0,0.0,0.0
2015-09-15 23:19:00,65,0.5106673695168836,0,0.0,0.0,0.0
2015-09-15 23:24:00,61,0.511149611571623,0,0.0,0.0,0.0
2015-09-15 23:29:00,61,0.5119796634584926,0,0.0,0.0,0.0
2015-09-15 23:34:00,60,0.5111852786258125,0,0.0,0.0,0.0
2015-09-16 00:49:00,67,0.5119828770551181,0,0.0,0.0,0.0
2015-09-16 01:44:00,57,0.5122366931061322,0,0.0,0.0,0.0
2015-09-16 02:19:00,59,0.5122262432928546,0,0.0,0.0,0.0
2015-09-16 03:04:00,60,0.5122279747335494,0,0.0,0.0,0.0
2015-09-16 04:44:00,58,0.5121815009476418,0,0.0,0.0,0.0
2015-09-16 05:09:00,66,0.5113343838965126,0,0.0,0.0,0.0
2015-09-16 05:19:00,69,0.5121120065881476,0,0.0,0.0,0.0
2015-09-16 05:29:00,62,0.512163514544107,0,0.0,0.0,0.0
2015-09-16 05:39:00,65,0.512188605311002,0,0.0,0.0,0.0
2015-09-16 05:49:00,65,0.5121955523267867,0,0.0,0.0,0.0
2015-09-16 06:09:00,61,0.5120684562761771,0,0.0,0.0,0.0
2015-09-16 06:14:00,64,0.5119233640443532,0,0.0,0.0,0.0
2015-09-16 06:24:00,65,0.511572210086479,0,0.0,0.0,0.0
2015-09-16 06:39:00,65,0.5109381914470684,0,0.0,0.0,0.0
2015-09-16 06:44:00,66,0.4703358296033448,0,0.0,0.0,0.0
2015-09-16 06:54:00,61,0.5009313473168858,0,0.0,0.0,0.0
2015-09-16 07:19:00,64,0.4924022043404502,0,0.0,0.0,0.0
2015-09-16 07:24:00,69,0.496522956650988,0,0.0,0.0,0.0
2015-09-16 07:29:00,59,0.5102616563221687,0,0.0,0.0,0.0
2015-09-16 07:34:00,71,0.5120967391673976,0,0.0,0.0,0.0
2015-09-16 07:44:00,66,0.5117667231035228,0,0.0,0.0,0.0
2015-09-16 07:49:00,66,0.5106354123214331,0,0.0,0.0,0.0
2015-09-16 07:54:00,67,0.5127665308915214,0,0.0,0.0,0.0
2015-09-16 07:59:00,68,0.513739365782368,0,0.0,0.0,0.0
2015-09-16 08:04:00,64,0.5139253334275924,0,0.0,0.0,0.0
2015-09-16 08:09:00,68,0.5134523785261028,0,0.0,0.0,0.0
2015-09-16 08:14:00,69,0.5139259694570355,0,0.0,0.0,0.0
2015-09-16 08:19:00,71,0.5141164773375605,0,0.0,0.0,0.0
2015-09-16 08:24:00,66,0.5139676114511778,0,0.0,0.0,0.0
2015-09-16 08:29:00,70,0.5131466613552228,0,0.0,0.0,0.0
2015-09-16 08:39:00,71,0.5140357917993812,0,0.0,0.0,0.0
2015-09-16 08:49:00,68,0.5139232583656562,0,0.0,0.0,0.0
2015-09-16 08:54:00,62,0.513542851655464,0,0.0,0.0,0.0
2015-09-16 08:59:00,67,0.5135629100557227,0,0.0,0.0,0.0
2015-09-16 09:04:00,63,0.5141002899939999,0,0.0,0.0,0.0
2015-09-16 09:09:00,71,0.5142211571729407,0,0.0,0.0,0.0
2015-09-16 09:14:00,64,0.513987706587999,0,0.0,0.0,0.0
2015-09-16 09:24:00,70,0.5139655614840554,0,0.0,0.0,0.0
2015-09-16 09:34:00,67,0.5140960635311902,0,0.0,0.0,0.0
2015-09-16 09:44:00,67,0.5140570872989705,0,0.0,0.0,0.0
2015-09-16 09:54:00,66,0.5035375716065434,0,0.0,0.0,0.0
2015-09-16 09:59:00,61,0.5037789291486539,0,0.0,0.0,0.0
2015-09-16 10:04:00,69,0.5034562868652313,0,0.0,0.0,0.0
2015-09-16 10:09:00,67,0.5008003192282802,0,0.0,0.0,0.0
2015-09-16 10:14:00,70,0.5035721247933499,0,0.0,0.0,0.0
2015-09-16 10:19:00,71,0.5043476051006299,0,0.0,0.0,0.0
2015-09-16 10:24:00,67,0.5026744113558059,0,0.0,0.0,0.0
2015-09-16 10:29:00,59,0.5044618267006311,0,0.0,0.0,0.0
2015-09-16 10:34:00,69,0.5043908724036504,0,0.0,0.0,0.0
2015-09-16 10:44:00,69,0.5005227455545147,0,0.0,0.0,0.0
2015-09-16 10:49:00,68,0.5005239579241836,0,0.0,0.0,0.0
2015-09-16 10:54:00,72,0.5004045453337813,0,0.0,0.0,0.0
2015-09-16 10:59:00,68,0.4970243450561794,0,0.0,0.0,0.0
2015-09-16 11:04:00,62,0.4970259766611652,0,0.0,0.0,0.0
2015-09-16 11:09:00,64,0.4999970879882053,0,0.0,0.0,0.0
2015-09-16 11:14:00,66,0.5004382773889311,0,0.0,0.0,0.0
2015-09-16 11:19:00,60,0.5007469651083234,0,0.0,0.0,0.0
2015-09-16 11:24:00,66,0.5006824870790928,0,0.0,0.0,0.0
2015-09-16 11:29:00,71,0.5009174002460185,0,0.0,0.0,0.0
2015-09-16 11:34:00,56,0.5009621993011552,0,0.0,0.0,0.0
2015-09-16 11:39:00,63,0.5009650444954021,0,0.0,0.0,0.0
2015-09-16 11:44:00,67,0.5009372055361684,0,0.0,0.0,0.0
2015-09-16 11:49:00,64,0.5008818567107334,0,0.0,0.0,0.0
2015-09-16 11:59:00,67,0.5007916114525413,0,0.0,0.0,0.0
2015-09-16 12:04:00,62,0.5008267483679213,0,0.0,0.0,0.0
2015-09-16 12:14:00,65,0.5004992063676327,0,0.0,0.0,0.0
2015-09-16 12:19:00,66,0.5005095618261428,0,0.0,0.0,0.0
2015-09-16 12:24:00,65,0.5006883404554648,0,0.0,0.0,0.0
2015-09-16 12:29:00,73,0.5006279495531009,0,0.0,0.0,0.0
2015-09-16 12:34:00,67,0.4991005270755907,0,0.0,0.0,0.0
2015-09-16 12:39:00,62,0.4992778242730964,0,0.0,0.0,0.0
2015-09-16 12:44:00,68,0.4991669870177941,0,0.0,0.0,0.0
2015-09-16 12:49:00,62,0.4984145694877553,0,0.0,0.0,0.0
2015-09-16 12:54:00,67,0.4997840555518689,0,0.0,0.0,0.0
2015-09-16 12:59:00,63,0.4987285389434872,0,0.0,0.0,0.0
2015-09-16 13:04:00,68,0.4973395227349727,1,-1.0,-2.0,-1.0
2015-09-16 13:09:00,69,0.4985130711911197,1,0.0,0.0,0.0
2015-09-16 13:14:00,69,0.4867141272489574,1,0.0,0.0,0.0
2015-09-16 13:19:00,65,0.4797535008432821,1,0.0,0.0,0.0
2015-09-16 13:24:00,61,0.4803250298432878,1,0.0,0.0,0.0
2015-09-16 13:29:00,73,0.4966630290656101,1,0.0,0.0,0.0
2015-09-16 13:34:00,66,0.4965882521661274,1,0.0,0.0,0.0
2015-09-16 13:39:00,51,0.500804514714055,1,0.0,0.0,0.0
2015-09-16 13:44:00,50,0.5008045196908351,1,0.0,0.0,0.0
2015-09-16 13:49:00,34,0.5008045196908698,1,0.0,0.0,0.0
2015-09-16 13:54:00,24,0.5020576289417575,1,0.0,0.0,0.0
2015-09-16 13:59:00,7,0.5020576289417575,1,0.0,0.0,0.0
2015-09-16 14:04:00,14,0.5020576289417575,1,0.0,0.0,0.0
2015-09-16 14:09:00,7,0.5020576289417575,1,0.0,0.0,0.0
2015-09-16 14:14:00,32,0.5020576289417575,1,0.0,0.0,0.0
2015-09-16 14:19:00,17,0.5020576289417575,1,0.0,0.0,0.0
2015-09-16 14:24:00,8,0.5020576289417575,1,0.0,0.0,0.0
2015-09-16 14:29:00,6,0.5020576289417575,1,0.0,0.0,0.0
2015-09-16 14:30:00,8,0.5020576289417575,1,0.0,0.0,0.0
2015-09-16 14:35:00,20,0.5018469174221379,1,0.0,0.0,0.0
2015-09-16 14:40:00,8,0.5018469174221379,1,0.0,0.0,0.0
2015-09-16 14:45:00,23,0.5018469174221379,1,0.0,0.0,0.0
2015-09-16 14:50:00,74,0.5018469174221379,1,0.0,0.0,0.0
2015-09-16 14:55:00,65,0.5018469174221379,1,0.0,0.0,0.0
2015-09-16 15:00:00,67,0.5018469174221379,1,0.0,0.0,0.0
2015-09-16 15:05:00,74,0.5018469174221379,1,0.0,0.0,0.0
2015-09-16 15:10:00,59,0.5018469174221379,1,0.0,0.0,0.0
2015-09-16 15:15:00,65,0.5018469174221379,1,0.0,0.0,0.0
2015-09-16 15:20:00,64,0.5018197602294808,1,0.0,0.0,0.0
2015-09-16 15:25:00,64,0.5018197602294808,0,0.0,0.0,0.0
2015-09-16 15:30:00,68,0.5018197602294808,0,0.0,0.0,0.0
2015-09-16 15:35:00,73,0.501812860841514,0,0.0,0.0,0.0
2015-09-16 15:40:00,71,0.5018194161408135,0,0.0,0.0,0.0
2015-09-16 15:45:00,67,0.5018192986707417,0,0.0,0.0,0.0
2015-09-16 15:50:00,66,0.5018183619050788,0,0.0,0.0,0.0
2015-09-16 15:55:00,68,0.5018073856779431,0,0.0,0.0,0.0
2015-09-16 16:00:00,65,0.5012873976516588,1,-1.0,-2.0,-1.0
2015-09-16 16:05:00,57,0.501769817132094,1,0.0,0.0,0.0
2015-09-16 16:10:00,70,0.5017159153266884,1,0.0,0.0,0.0
2015-09-16 16:15:00,66,0.5017709180813066,1,0.0,0.0,0.0
2015-09-16 16:20:00,66,0.5018015330980098,1,0.0,0.0,0.0
2015-09-16 16:25:00,65,0.5017323710870295,1,0.0,0.0,0.0
2015-09-16 16:30:00,66,0.5011473660356229,1,0.0,0.0,0.0
2015-09-16 16:35:00,64,0.5012951087597882,1,0.0,0.0,0.0
2015-09-16 16:40:00,55,0.5018301489431637,1,0.0,0.0,0.0
2015-09-16 16:45:00,30,0.5018306749099124,1,0.0,0.0,0.0
2015-09-16 16:50:00,11,0.5017639729838806,1,0.0,0.0,0.0
2015-09-16 16:55:00,12,0.5017639729838806,1,0.0,0.0,0.0
2015-09-16 17:00:00,33,0.5017639729838806,1,0.0,0.0,0.0
2015-09-16 17:05:00,43,0.5017639729838806,1,0.0,0.0,0.0
2015-09-16 17:10:00,1,0.5017639729838806,1,0.0,0.0,0.0
2015-09-16 17:15:00,19,0.5017639729838806,1,0.0,0.0,0.0
2015-09-16 17:20:00,23,0.5017639729838806,1,0.0,0.0,0.0
2015-09-16 17:25:00,53,0.5017639729838806,1,0.0,0.0,0.0
2015-09-16 17:30:00,60,0.5017639729838806,1,0.0,0.0,0.0
2015-09-16 17:35:00,56,0.5016285157823569,1,0.0,0.0,0.0
2015-09-16 17:40:00,44,0.5016285157823569,1,0.0,0.0,0.0
2015-09-16 17:45:00,57,0.5016285157823569,1,0.0,0.0,0.0
2015-09-16 17:50:00,55,0.5016285157823569,1,0.0,0.0,0.0
2015-09-16 17:55:00,63,0.5016285157823569,1,0.0,0.0,0.0
2015-09-16 18:00:00,68,0.5016285157823569,1,0.0,0.0,0.0
2015-09-16 18:05:00,70,0.5016285157823569,1,0.0,0.0,0.0
2015-09-16 18:10:00,62,0.5016285157823569,1,0.0,0.0,0.0
2015-09-16 18:15:00,66,0.5016285157823569,1,0.0,0.0,0.0
2015-09-16 18:20:00,67,0.5015120511985297,1,0.0,0.0,0.0
2015-09-16 18:25:00,68,0.5015120511985297,0,0.0,0.0,0.0
2015-09-16 18:30:00,67,0.5015119374510729,0,0.0,0.0,0.0
2015-09-16 18:35:00,66,0.5015109556002613,0,0.0,0.0,0.0
2015-09-16 18:40:00,68,0.5012493487494615,0,0.0,0.0,0.0
2015-09-16 18:45:00,69,0.5006110562591858,0,0.0,0.0,0.0
2015-09-16 18:50:00,68,0.4983490216220851,0,0.0,0.0,0.0
2015-09-16 18:55:00,71,0.4995996442530272,0,0.0,0.0,0.0
2015-09-16 19:05:00,67,0.4977151947489456,0,0.0,0.0,0.0
2015-09-16 19:10:00,64,0.492739215151354,0,0.0,0.0,0.0
2015-09-16 19:15:00,64,0.4988799436730737,0,0.0,0.0,0.0
2015-09-16 19:25:00,64,0.4981277621001696,0,0.0,0.0,0.0
2015-09-16 19:30:00,63,0.4995417216744556,0,0.0,0.0,0.0
2015-09-16 19:35:00,65,0.4387383229523288,0,0.0,0.0,0.0
2015-09-16 19:40:00,64,0.4995519646833867,0,0.0,0.0,0.0
2015-09-16 19:45:00,65,0.5001257117262493,0,0.0,0.0,0.0
2015-09-16 19:50:00,66,0.4999971975897776,0,0.0,0.0,0.0
2015-09-16 20:00:00,63,0.4999602932716196,0,0.0,0.0,0.0
2015-09-16 20:05:00,67,0.4943630389765203,0,0.0,0.0,0.0
2015-09-16 20:10:00,62,0.4474181624784236,0,0.0,0.0,0.0
2015-09-16 20:15:00,61,0.4942871224641221,0,0.0,0.0,0.0
2015-09-16 20:20:00,62,0.5023188615651183,0,0.0,0.0,0.0
2015-09-16 20:25:00,65,0.500026974258698,0,0.0,0.0,0.0
2015-09-16 20:30:00,63,0.5010922245124363,0,0.0,0.0,0.0
2015-09-16 20:35:00,61,0.4997926314540882,0,0.0,0.0,0.0
2015-09-16 20:40:00,59,0.502325485091509,0,0.0,0.0,0.0
2015-09-16 20:45:00,56,0.5026302032209994,0,0.0,0.0,0.0
2015-09-16 20:50:00,65,0.503410291516778,0,0.0,0.0,0.0
2015-09-16 20:55:00,63,0.5033946147272128,0,0.0,0.0,0.0
2015-09-16 21:00:00,67,0.5034283315460688,0,0.0,0.0,0.0
2015-09-16 21:05:00,63,0.5034243715522184,0,0.0,0.0,0.0
2015-09-16 21:10:00,57,0.5034171786774494,0,0.0,0.0,0.0
2015-09-16 21:15:00,58,0.5034261756617074,0,0.0,0.0,0.0
2015-09-16 21:25:00,68,0.5034339767177115,0,0.0,0.0,0.0
2015-09-16 21:40:00,62,0.5034338582883442,0,0.0,0.0,0.0
2015-09-16 21:45:00,64,0.5034332493394994,0,0.0,0.0,0.0
2015-09-16 21:55:00,66,0.502819995557088,0,0.0,0.0,0.0
2015-09-16 22:05:00,65,0.5033409222091789,0,0.0,0.0,0.0
2015-09-16 22:14:00,57,0.5033449735977641,0,0.0,0.0,0.0
2015-09-16 22:20:00,61,0.5033476301515801,0,0.0,0.0,0.0
2015-09-16 22:25:00,58,0.5033479108374513,0,0.0,0.0,0.0
2015-09-16 22:30:00,62,0.5033447740226287,0,0.0,0.0,0.0
2015-09-16 22:40:00,61,0.5031610851318723,0,0.0,0.0,0.0
2015-09-16 22:45:00,63,0.5022823730527846,0,0.0,0.0,0.0
2015-09-16 22:55:00,59,0.5028393326158128,0,0.0,0.0,0.0
2015-09-16 23:10:00,64,0.5033375290725943,0,0.0,0.0,0.0
2015-09-16 23:35:00,64,0.5033419483658812,0,0.0,0.0,0.0
2015-09-16 23:55:00,59,0.5033604719242277,0,0.0,0.0,0.0
2015-09-17 00:10:00,66,0.5033347351416467,0,0.0,0.0,0.0
2015-09-17 00:45:00,63,0.5031847543107474,0,0.0,0.0,0.0
2015-09-17 01:05:00,57,0.503057105195629,0,0.0,0.0,0.0
2015-09-17 01:40:00,56,0.5032661569082245,0,0.0,0.0,0.0
2015-09-17 01:55:00,53,0.5033582878951969,0,0.0,0.0,0.0
2015-09-17 02:10:00,66,0.503354631535284,0,0.0,0.0,0.0
2015-09-17 02:50:00,61,0.5023575807601212,0,0.0,0.0,0.0
2015-09-17 03:20:00,56,0.5033824158432729,0,0.0,0.0,0.0
2015-09-17 04:35:00,58,0.5033823568245293,0,0.0,0.0,0.0
2015-09-17 04:55:00,62,0.5033805414991769,0,0.0,0.0,0.0
2015-09-17 05:10:00,64,0.503380541936069,0,0.0,0.0,0.0
2015-09-17 05:15:00,65,0.503382529776526,0,0.0,0.0,0.0
2015-09-17 05:30:00,73,0.5033826149356913,0,0.0,0.0,0.0
2015-09-17 05:35:00,63,0.5033826038538292,0,0.0,0.0,0.0
2015-09-17 05:40:00,63,0.5033816771747541,0,0.0,0.0,0.0
2015-09-17 05:45:00,66,0.5034020966695945,0,0.0,0.0,0.0
2015-09-17 05:50:00,62,0.5034021275756978,0,0.0,0.0,0.0
2015-09-17 05:55:00,72,0.5034013977997719,0,0.0,0.0,0.0
2015-09-17 06:15:00,56,0.5034018338317754,0,0.0,0.0,0.0
2015-09-17 06:20:00,52,0.5034022567605131,0,0.0,0.0,0.0
2015-09-17 06:25:00,61,0.5034022568294046,0,0.0,0.0,0.0
2015-09-17 06:30:00,51,0.5034022570220542,0,0.0,0.0,0.0
2015-09-17 06:40:00,64,0.5034022415732992,0,0.0,0.0,0.0
2015-09-17 06:55:00,60,0.5034021879814118,0,0.0,0.0,0.0
2015-09-17 07:00:00,59,0.5034018413914851,0,0.0,0.0,0.0
2015-09-17 07:05:00,38,0.5034018725238013,0,0.0,0.0,0.0
2015-09-17 07:10:00,53,0.5034018725238013,0,0.0,0.0,0.0
2015-09-17 07:15:00,56,0.5034018725238013,0,0.0,0.0,0.0
2015-09-17 07:25:00,53,0.5034018725238013,0,0.0,0.0,0.0
2015-09-17 07:35:00,68,0.5034018725238013,0,0.0,0.0,0.0
2015-09-17 07:40:00,56,0.5034018725238013,0,0.0,0.0,0.0
2015-09-17 07:45:00,62,0.5034018725238013,0,0.0,0.0,0.0
2015-09-17 07:50:00,65,0.5034018725238012,0,0.0,0.0,0.0
2015-09-17 07:55:00,61,0.5033831299215356,0,0.0,0.0,0.0
2015-09-17 08:00:00,64,0.5033831299215356,0,0.0,0.0,0.0
2015-09-17 08:05:00,60,0.5033830244801727,0,0.0,0.0,0.0
2015-09-17 08:10:00,58,0.50338220999318,0,0.0,0.0,0.0
2015-09-17 08:15:00,62,0.5033821071459853,0,0.0,0.0,0.0
2015-09-17 08:20:00,67,0.5033019592327097,0,0.0,0.0,0.0
2015-09-17 08:25:00,61,0.5031644620349683,0,0.0,0.0,0.0
2015-09-17 08:30:00,59,0.4990133145560282,0,0.0,0.0,0.0
2015-09-17 08:35:00,60,0.4941004963863546,0,0.0,0.0,0.0
2015-09-17 08:40:00,59,0.4994517032376786,0,0.0,0.0,0.0
2015-09-17 08:45:00,59,0.5034542594932074,0,0.0,0.0,0.0
2015-09-17 08:50:00,63,0.5031478266006005,0,0.0,0.0,0.0
2015-09-17 08:55:00,55,0.5036065625578614,0,0.0,0.0,0.0
2015-09-17 09:00:00,54,0.5035573697905495,0,0.0,0.0,0.0
2015-09-17 09:05:00,64,0.5035634876265509,0,0.0,0.0,0.0
2015-09-17 09:10:00,63,0.5035642430898158,0,0.0,0.0,0.0
2015-09-17 09:15:00,67,0.5035565322126426,0,0.0,0.0,0.0
2015-09-17 09:20:00,62,0.5035214317679709,0,0.0,0.0,0.0
2015-09-17 09:25:00,67,0.5037705353786701,0,0.0,0.0,0.0
2015-09-17 09:30:00,65,0.5037707333119199,0,0.0,0.0,0.0
2015-09-17 09:35:00,63,0.5037695353329159,0,0.0,0.0,0.0
2015-09-17 09:40:00,61,0.5037571678971073,0,0.0,0.0,0.0
2015-09-17 09:45:00,69,0.5037623285874568,0,0.0,0.0,0.0
2015-09-17 09:50:00,65,0.493036183900615,0,0.0,0.0,0.0
2015-09-17 09:55:00,63,0.4962225319367241,0,0.0,0.0,0.0
2015-09-17 10:00:00,65,0.50046083921743,0,0.0,0.0,0.0
2015-09-17 10:05:00,71,0.5035307348636777,0,0.0,0.0,0.0
2015-09-17 10:10:00,66,0.5018279136346184,0,0.0,0.0,0.0
2015-09-17 10:15:00,64,0.4993175923679243,0,0.0,0.0,0.0
2015-09-17 10:20:00,61,0.5025486866997775,0,0.0,0.0,0.0
2015-09-17 10:25:00,65,0.5037885941230215,0,0.0,0.0,0.0
2015-09-17 10:30:00,65,0.5033617130659804,0,0.0,0.0,0.0
2015-09-17 10:35:00,62,0.5008128245524057,0,0.0,0.0,0.0
2015-09-17 10:45:00,64,0.5015910022173716,0,0.0,0.0,0.0
2015-09-17 10:50:00,61,0.4995804167340642,0,0.0,0.0,0.0
2015-09-17 10:55:00,59,0.5034922675175784,0,0.0,0.0,0.0
2015-09-17 11:00:00,64,0.4791909523055216,0,0.0,0.0,0.0
2015-09-17 11:05:00,55,0.5027531461458027,0,0.0,0.0,0.0
2015-09-17 11:10:00,62,0.5026628794808949,0,0.0,0.0,0.0
2015-09-17 11:15:00,61,0.5018423519992301,0,0.0,0.0,0.0
2015-09-17 11:20:00,66,0.5014588683353229,0,0.0,0.0,0.0
2015-09-17 11:25:00,61,0.4991566154819027,0,0.0,0.0,0.0
2015-09-17 11:30:00,69,0.5029071120406786,0,0.0,0.0,0.0
2015-09-17 11:35:00,66,0.5029041170885685,0,0.0,0.0,0.0
2015-09-17 11:40:00,68,0.5030789812171451,0,0.0,0.0,0.0
2015-09-17 11:45:00,69,0.5007916690450281,0,0.0,0.0,0.0
2015-09-17 11:50:00,66,0.5007913299768445,0,0.0,0.0,0.0
2015-09-17 11:55:00,66,0.5007867341591313,0,0.0,0.0,0.0
2015-09-17 12:00:00,64,0.5007388013062654,0,0.0,0.0,0.0
2015-09-17 12:05:00,63,0.5005937260028295,0,0.0,0.0,0.0
2015-09-17 12:10:00,68,0.5006261265259224,0,0.0,0.0,0.0
2015-09-17 12:20:00,62,0.4998784522090064,0,0.0,0.0,0.0
2015-09-17 12:25:00,66,0.4979157237818926,0,0.0,0.0,0.0
2015-09-17 12:30:00,71,0.500786008731581,0,0.0,0.0,0.0
2015-09-17 12:35:00,67,0.4999229580952724,0,0.0,0.0,0.0
2015-09-17 12:40:00,66,0.4993348089710928,0,0.0,0.0,0.0
2015-09-17 12:45:00,62,0.4988112838780848,0,0.0,0.0,0.0
2015-09-17 12:50:00,62,0.4896716907123632,0,0.0,0.0,0.0
2015-09-17 12:55:00,62,0.4994576813758073,0,0.0,0.0,0.0
2015-09-17 13:00:00,59,0.494027126029686,0,0.0,0.0,0.0
2015-09-17 13:05:00,56,0.500405626034704,0,0.0,0.0,0.0
2015-09-17 13:10:00,41,0.5004334761821367,0,0.0,0.0,0.0
2015-09-17 13:15:00,63,0.5004334761821234,0,0.0,0.0,0.0
2015-09-17 13:20:00,46,0.5007944902522585,0,0.0,0.0,0.0
2015-09-17 13:25:00,47,0.5007944902522585,0,0.0,0.0,0.0
2015-09-17 13:30:00,63,0.5007944902522585,0,0.0,0.0,0.0
2015-09-17 13:35:00,50,0.5007944902522585,0,0.0,0.0,0.0
2015-09-17 13:40:00,46,0.5007944902522585,0,0.0,0.0,0.0
2015-09-17 13:45:00,33,0.5007944902522585,0,0.0,0.0,0.0
2015-09-17 13:50:00,23,0.5007944902522585,0,0.0,0.0,0.0
2015-09-17 13:55:00,26,0.5007944902522585,0,0.0,0.0,0.0
2015-09-17 14:00:00,19,0.5007944902522585,0,0.0,0.0,0.0
2015-09-17 14:05:00,27,0.5007403321120508,0,0.0,0.0,0.0
