timestamp,value,anomaly_score,raw_score,label,S(t)_reward_low_FP_rate,S(t)_reward_low_FN_rate,S(t)_standard
2015-09-08 11:39:00,73,0.0301029996658834,1.0,0,0.0,0.0,0.0
2015-09-08 11:44:00,62,0.0301029996658834,1.0,0,0.0,0.0,0.0
2015-09-08 11:59:00,66,0.0301029996658834,1.0,0,0.0,0.0,0.0
2015-09-08 12:19:00,69,0.0301029996658834,0.975000023841858,0,0.0,0.0,0.0
2015-09-08 12:24:00,65,0.0301029996658834,0.9250000119209292,0,0.0,0.0,0.0
2015-09-08 12:27:00,76,1.0,0.550000011920929,0,0.0,0.0,0.0
2015-09-08 12:32:00,65,0.0301029996658834,0.9250000119209292,0,0.0,0.0,0.0
2015-09-08 12:46:00,62,0.0301029996658834,0.375,0,0.0,0.0,0.0
2015-09-08 12:51:00,61,1.0,0.5,0,0.0,0.0,0.0
2015-09-08 13:01:00,65,0.0301029996658834,0.7250000238418579,0,0.0,0.0,0.0
2015-09-08 13:21:00,68,0.0301029996658834,0.125,0,0.0,0.0,0.0
2015-09-08 13:26:00,66,0.0301029996658834,0.30000001192092896,0,0.0,0.0,0.0
2015-09-08 13:31:00,67,0.0301029996658834,0.07500000298023224,0,0.0,0.0,0.0
2015-09-08 13:36:00,65,0.0301029996658834,0.02500000037252903,0,0.0,0.0,0.0
2015-09-08 13:41:00,67,0.0301029996658834,0.0,0,0.0,0.0,0.0
2015-09-08 13:46:00,67,0.0301029996658834,0.0,0,0.0,0.0,0.0
2015-09-08 13:56:00,69,0.0301029996658834,0.05000000074505806,0,0.0,0.0,0.0
2015-09-08 14:11:00,68,0.0301029996658834,0.05000000074505806,0,0.0,0.0,0.0
2015-09-08 14:16:00,68,0.0301029996658834,0.02500000037252903,0,0.0,0.0,0.0
2015-09-08 14:21:00,67,0.0301029996658834,0.07500000298023224,0,0.0,0.0,0.0
2015-09-08 14:46:00,66,0.0301029996658834,0.10000000149011612,0,0.0,0.0,0.0
2015-09-08 14:51:00,68,0.0301029996658834,0.05000000074505806,0,0.0,0.0,0.0
2015-09-08 15:16:00,69,0.0301029996658834,0.07500000298023224,0,0.0,0.0,0.0
2015-09-08 15:21:00,65,0.0301029996658834,0.05000000074505806,0,0.0,0.0,0.0
2015-09-08 15:26:00,70,0.0301029996658834,0.125,0,0.0,0.0,0.0
2015-09-08 15:29:00,66,0.0301029996658834,0.10000000149011612,0,0.0,0.0,0.0
2015-09-08 15:41:00,65,0.0301029996658834,0.15000000596046448,0,0.0,0.0,0.0
2015-09-08 16:15:00,64,0.0301029996658834,0.17499999701976776,0,0.0,0.0,0.0
2015-09-08 16:31:00,66,0.0301029996658834,0.22499999403953552,0,0.0,0.0,0.0
2015-09-08 16:36:00,69,0.0301029996658834,0.17499999701976776,0,0.0,0.0,0.0
2015-09-08 16:41:00,64,0.0301029996658834,0.20000000298023224,0,0.0,0.0,0.0
2015-09-08 16:56:00,69,0.0301029996658834,0.17499999701976776,0,0.0,0.0,0.0
2015-09-08 17:11:00,65,0.0301029996658834,0.05000000074505806,0,0.0,0.0,0.0
2015-09-08 17:16:00,68,0.0301029996658834,0.05000000074505806,0,0.0,0.0,0.0
2015-09-08 17:21:00,67,0.0301029996658834,0.10000000149011612,0,0.0,0.0,0.0
2015-09-08 17:26:00,69,0.0301029996658834,0.07500000298023224,0,0.0,0.0,0.0
2015-09-08 17:31:00,66,0.0301029996658834,0.07500000298023224,0,0.0,0.0,0.0
2015-09-08 17:36:00,69,0.0301029996658834,0.07500000298023224,0,0.0,0.0,0.0
2015-09-08 17:41:00,66,0.0301029996658834,0.07500000298023224,0,0.0,0.0,0.0
2015-09-08 17:46:00,65,0.0301029996658834,0.05000000074505806,0,0.0,0.0,0.0
2015-09-08 17:51:00,66,0.0301029996658834,0.15000000596046448,0,0.0,0.0,0.0
2015-09-08 17:56:00,65,0.0301029996658834,0.02500000037252903,0,0.0,0.0,0.0
2015-09-08 17:57:00,64,0.0301029996658834,0.02500000037252903,0,0.0,0.0,0.0
2015-09-08 18:36:00,70,0.0301029996658834,0.10000000149011612,0,0.0,0.0,0.0
2015-09-08 18:46:00,69,0.0301029996658834,0.07500000298023224,0,0.0,0.0,0.0
2015-09-08 18:51:00,66,0.0301029996658834,0.10000000149011612,0,0.0,0.0,0.0
2015-09-08 18:56:00,68,0.0301029996658834,0.07500000298023224,0,0.0,0.0,0.0
2015-09-08 19:06:00,71,0.0301029996658834,0.10000000149011612,0,0.0,0.0,0.0
2015-09-08 20:11:00,63,0.0301029996658834,0.20000000298023224,0,0.0,0.0,0.0
2015-09-08 20:31:00,67,0.0301029996658834,0.22499999403953552,0,0.0,0.0,0.0
2015-09-08 20:41:00,62,0.0301029996658834,0.25,0,0.0,0.0,0.0
2015-09-08 20:51:00,64,0.0301029996658834,0.17499999701976776,0,0.0,0.0,0.0
2015-09-08 21:01:00,59,1.0,0.4749999940395355,0,0.0,0.0,0.0
2015-09-08 21:06:00,65,0.0301029996658834,0.8999999761581421,0,0.0,0.0,0.0
2015-09-08 21:31:00,58,1.0,0.375,0,0.0,0.0,0.0
2015-09-08 21:41:00,64,0.0301029996658834,0.6000000238418579,0,0.0,0.0,0.0
2015-09-08 22:31:00,63,0.0301029996658834,0.2750000059604645,0,0.0,0.0,0.0
2015-09-08 22:41:00,66,0.0301029996658834,0.25,0,0.0,0.0,0.0
2015-09-08 23:16:00,66,0.0301029996658834,0.10000000149011612,0,0.0,0.0,0.0
2015-09-08 23:31:00,60,0.0301029996658834,0.25,0,0.0,0.0,0.0
2015-09-09 00:06:00,57,1.0,0.6000000238418579,0,0.0,0.0,0.0
2015-09-09 01:16:00,58,0.0301029996658834,0.6499999761581421,0,0.0,0.0,0.0
2015-09-09 07:34:00,69,0.0301029996658834,0.975000023841858,0,0.0,0.0,0.0
2015-09-09 09:20:00,70,0.0301029996658834,0.22499999403953552,0,0.0,0.0,0.0
2015-09-09 09:58:00,66,0.0301029996658834,0.20000000298023224,0,0.0,0.0,0.0
2015-09-09 10:23:00,68,0.0301029996658834,0.17499999701976776,0,0.0,0.0,0.0
2015-09-09 10:33:00,65,0.0301029996658834,0.17499999701976776,0,0.0,0.0,0.0
2015-09-09 10:38:00,68,0.0301029996658834,0.20000000298023224,0,0.0,0.0,0.0
2015-09-09 10:43:00,68,0.0301029996658834,0.05000000074505806,0,0.0,0.0,0.0
2015-09-09 10:48:00,70,0.0301029996658834,0.10000000149011612,0,0.0,0.0,0.0
2015-09-09 10:53:00,67,0.0301029996658834,0.07500000298023224,0,0.0,0.0,0.0
2015-09-09 11:03:00,73,0.0301029996658834,0.10000000149011612,0,0.0,0.0,0.0
2015-09-09 11:08:00,77,1.0,0.30000001192092896,0,0.0,0.0,0.0
2015-09-09 11:13:00,75,0.0301029996658834,0.22499999403953552,0,0.0,0.0,0.0
2015-09-09 11:18:00,71,0.0301029996658834,0.07500000298023224,0,0.0,0.0,0.0
2015-09-09 11:23:00,73,0.0301029996658834,0.15000000596046448,0,0.0,0.0,0.0
2015-09-09 11:43:00,68,0.0301029996658834,0.02500000037252903,0,0.0,0.0,0.0
2015-09-09 11:48:00,58,0.0301029996658834,0.25,0,0.0,0.0,0.0
2015-09-09 12:03:00,65,0.0301029996658834,0.05000000074505806,0,0.0,0.0,0.0
2015-09-09 12:13:00,65,0.0301029996658834,0.02500000037252903,0,0.0,0.0,0.0
2015-09-09 12:33:00,65,0.0301029996658834,0.05000000074505806,0,0.0,0.0,0.0
2015-09-09 12:48:00,66,0.0301029996658834,0.02500000037252903,0,0.0,0.0,0.0
2015-09-09 13:08:00,74,0.0301029996658834,0.10000000149011612,0,0.0,0.0,0.0
2015-09-09 13:33:00,64,0.0301029996658834,0.0,0,0.0,0.0,0.0
2015-09-09 13:38:00,68,0.0301029996658834,0.0,0,0.0,0.0,0.0
2015-09-09 13:43:00,65,0.0301029996658834,0.0,0,0.0,0.0,0.0
2015-09-09 13:48:00,69,0.0301029996658834,0.0,0,0.0,0.0,0.0
2015-09-09 13:53:00,70,0.0301029996658834,0.0,0,0.0,0.0,0.0
2015-09-09 13:58:00,64,0.0301029996658834,0.02500000037252903,0,0.0,0.0,0.0
2015-09-09 14:08:00,65,0.0301029996658834,0.0,0,0.0,0.0,0.0
2015-09-09 14:13:00,67,0.0301029996658834,0.0,0,0.0,0.0,0.0
2015-09-09 14:38:00,68,0.0301029996658834,0.0,0,0.0,0.0,0.0
2015-09-09 14:48:00,66,0.0301029996658834,0.0,0,0.0,0.0,0.0
2015-09-09 14:53:00,63,0.0301029996658834,0.0,0,0.0,0.0,0.0
2015-09-09 15:03:00,68,0.0301029996658834,0.0,0,0.0,0.0,0.0
2015-09-09 15:08:00,68,0.0301029996658834,0.0,0,0.0,0.0,0.0
2015-09-09 15:13:00,73,0.0301029996658834,0.02500000037252903,0,0.0,0.0,0.0
2015-09-09 15:18:00,79,1.0,0.07500000298023224,0,0.0,0.0,0.0
2015-09-09 15:23:00,64,0.0301029996658834,0.0,0,0.0,0.0,0.0
2015-09-09 15:28:00,67,0.0301029996658834,0.0,0,0.0,0.0,0.0
2015-09-09 15:38:00,62,0.0301029996658834,0.02500000037252903,0,0.0,0.0,0.0
2015-09-09 15:43:00,68,0.0301029996658834,0.0,0,0.0,0.0,0.0
2015-09-09 15:48:00,70,0.0301029996658834,0.0,0,0.0,0.0,0.0
2015-09-09 16:08:00,67,0.0301029996658834,0.0,0,0.0,0.0,0.0
2015-09-09 16:13:00,70,0.0301029996658834,0.0,0,0.0,0.0,0.0
2015-09-09 16:23:00,65,0.0301029996658834,0.0,0,0.0,0.0,0.0
2015-09-09 16:33:00,67,0.0301029996658834,0.02500000037252903,0,0.0,0.0,0.0
2015-09-09 16:43:00,71,0.0301029996658834,0.0,0,0.0,0.0,0.0
2015-09-09 16:48:00,69,0.0301029996658834,0.0,0,0.0,0.0,0.0
2015-09-09 16:53:00,64,0.0301029996658834,0.0,0,0.0,0.0,0.0
2015-09-09 16:58:00,63,0.0301029996658834,0.05000000074505806,0,0.0,0.0,0.0
2015-09-09 17:03:00,62,0.0301029996658834,0.07500000298023224,0,0.0,0.0,0.0
2015-09-09 17:08:00,55,1.0,0.15000000596046448,0,0.0,0.0,0.0
2015-09-09 17:13:00,48,1.0,0.42500001192092896,0,0.0,0.0,0.0
2015-09-09 17:18:00,56,0.0301029996658834,0.22499999403953552,0,0.0,0.0,0.0
2015-09-09 17:23:00,51,0.0301029996658834,0.2750000059604645,0,0.0,0.0,0.0
2015-09-09 17:28:00,60,0.0301029996658834,0.17499999701976776,0,0.0,0.0,0.0
2015-09-09 17:33:00,43,1.0,0.17499999701976776,0,0.0,0.0,0.0
2015-09-09 17:38:00,62,0.0301029996658834,0.125,0,0.0,0.0,0.0
2015-09-09 17:43:00,70,0.0301029996658834,0.0,0,0.0,0.0,0.0
2015-09-09 17:48:00,65,0.0301029996658834,0.0,0,0.0,0.0,0.0
2015-09-09 17:58:00,70,0.0301029996658834,0.0,0,0.0,0.0,0.0
2015-09-09 18:03:00,67,0.0301029996658834,0.0,0,0.0,0.0,0.0
2015-09-09 18:13:00,70,0.0301029996658834,0.0,0,0.0,0.0,0.0
2015-09-09 18:18:00,67,0.0301029996658834,0.0,0,0.0,0.0,0.0
2015-09-09 18:23:00,69,0.0301029996658834,0.0,0,0.0,0.0,0.0
2015-09-09 18:28:00,69,0.0301029996658834,0.0,0,0.0,0.0,0.0
2015-09-09 18:38:00,68,0.0301029996658834,0.02500000037252903,0,0.0,0.0,0.0
2015-09-09 18:43:00,67,0.0301029996658834,0.0,0,0.0,0.0,0.0
2015-09-09 19:03:00,66,0.0301029996658834,0.0,0,0.0,0.0,0.0
2015-09-09 19:38:00,63,0.0301029996658834,0.05000000074505806,0,0.0,0.0,0.0
2015-09-09 19:48:00,68,0.0301029996658834,0.02500000037252903,0,0.0,0.0,0.0
2015-09-09 20:03:00,68,0.0301029996658834,0.02500000037252903,0,0.0,0.0,0.0
2015-09-09 20:13:00,65,0.0301029996658834,0.0,0,0.0,0.0,0.0
2015-09-09 20:18:00,60,0.0301029996658834,0.07500000298023224,0,0.0,0.0,0.0
2015-09-09 20:23:00,65,0.0301029996658834,0.05000000074505806,0,0.0,0.0,0.0
2015-09-09 20:38:00,64,0.0301029996658834,0.125,0,0.0,0.0,0.0
2015-09-09 20:58:00,57,0.0301029996658834,0.25,0,0.0,0.0,0.0
2015-09-09 21:13:00,57,0.0301029996658834,0.4749999940395355,0,0.0,0.0,0.0
2015-09-09 21:28:00,62,0.0301029996658834,0.07500000298023224,0,0.0,0.0,0.0
2015-09-09 21:33:00,55,0.0301029996658834,0.05000000074505806,0,0.0,0.0,0.0
2015-09-09 21:48:00,61,0.0301029996658834,0.0,0,0.0,0.0,0.0
2015-09-09 21:53:00,61,0.0301029996658834,0.05000000074505806,0,0.0,0.0,0.0
2015-09-09 22:33:00,58,0.0301029996658834,0.07500000298023224,0,0.0,0.0,0.0
2015-09-09 22:41:00,65,0.0301029996658834,0.10000000149011612,0,0.0,0.0,0.0
2015-09-09 23:38:00,65,0.0301029996658834,0.10000000149011612,0,0.0,0.0,0.0
2015-09-09 23:53:00,62,0.0301029996658834,0.17499999701976776,0,0.0,0.0,0.0
2015-09-10 05:33:00,68,0.0301029996658834,0.20000000298023224,0,0.0,0.0,0.0
2015-09-10 05:45:00,61,0.0301029996658834,0.30000001192092896,0,0.0,0.0,0.0
2015-09-10 08:00:00,62,0.0301029996658834,0.20000000298023224,0,0.0,0.0,0.0
2015-09-10 08:18:00,73,0.0301029996658834,0.17499999701976776,0,0.0,0.0,0.0
2015-09-10 08:33:00,70,0.0301029996658834,0.10000000149011612,0,0.0,0.0,0.0
2015-09-10 08:43:00,65,0.0301029996658834,0.0,0,0.0,0.0,0.0
2015-09-10 08:53:00,65,0.0301029996658834,0.0,0,0.0,0.0,0.0
2015-09-10 09:13:00,61,0.0301029996658834,0.05000000074505806,0,0.0,0.0,0.0
2015-09-10 09:23:00,64,0.0301029996658834,0.02500000037252903,0,0.0,0.0,0.0
2015-09-10 09:28:00,62,0.0301029996658834,0.0,0,0.0,0.0,0.0
2015-09-10 09:48:00,75,0.0301029996658834,0.10000000149011612,0,0.0,0.0,0.0
2015-09-10 09:52:00,66,0.0301029996658834,0.0,0,0.0,0.0,0.0
2015-09-10 10:02:00,71,0.0301029996658834,0.0,0,0.0,0.0,0.0
2015-09-10 10:07:00,66,0.0301029996658834,0.0,0,0.0,0.0,0.0
2015-09-10 10:22:00,67,0.0301029996658834,0.0,0,0.0,0.0,0.0
2015-09-10 10:27:00,65,0.0301029996658834,0.02500000037252903,0,0.0,0.0,0.0
2015-09-10 10:32:00,67,0.0301029996658834,0.0,0,0.0,0.0,0.0
2015-09-10 10:42:00,67,0.0301029996658834,0.0,0,0.0,0.0,0.0
2015-09-10 10:47:00,65,0.0301029996658834,0.0,0,0.0,0.0,0.0
2015-09-10 10:52:00,68,0.0301029996658834,0.02500000037252903,0,0.0,0.0,0.0
2015-09-10 11:27:00,64,0.0301029996658834,0.02500000037252903,0,0.0,0.0,0.0
2015-09-10 11:37:00,72,0.0301029996658834,0.02500000037252903,0,0.0,0.0,0.0
2015-09-10 11:42:00,62,0.07290141791284152,0.0,0,0.0,0.0,0.0
2015-09-10 11:47:00,72,0.06736441039628298,0.05000000074505806,0,0.0,0.0,0.0
2015-09-10 11:52:00,72,0.06470059242110465,0.02500000037252903,0,0.0,0.0,0.0
2015-09-10 11:57:00,68,0.06736441039628298,0.0,0,0.0,0.0,0.0
2015-09-10 12:07:00,64,0.06736441039628298,0.0,0,0.0,0.0,0.0
2015-09-10 12:12:00,63,0.06736441039628298,0.0,0,0.0,0.0,0.0
2015-09-10 12:37:00,65,0.06470059242110465,0.02500000037252903,0,0.0,0.0,0.0
2015-09-10 12:42:00,72,0.06736441039628298,0.0,0,0.0,0.0,0.0
2015-09-10 12:57:00,67,0.07009783970607861,0.0,0,0.0,0.0,0.0
2015-09-10 13:07:00,66,0.07290141791284152,0.0,0,0.0,0.0,0.0
2015-09-10 13:17:00,71,0.07290141791284152,0.0,0,0.0,0.0,0.0
2015-09-10 13:32:00,71,0.07872109121815737,0.0,0,0.0,0.0,0.0
2015-09-10 13:42:00,67,0.08173818263937573,0.0,0,0.0,0.0,0.0
2015-09-10 13:47:00,68,0.08173818263937573,0.0,0,0.0,0.0,0.0
2015-09-10 14:02:00,65,0.07872109121815737,0.02500000037252903,0,0.0,0.0,0.0
2015-09-10 14:07:00,70,0.07872109121815737,0.0,0,0.0,0.0,0.0
2015-09-10 14:17:00,71,0.08173818263937573,0.0,0,0.0,0.0,0.0
2015-09-10 14:32:00,65,0.08173818263937573,0.0,0,0.0,0.0,0.0
2015-09-10 14:37:00,69,0.08173818263937573,0.0,0,0.0,0.0,0.0
2015-09-10 14:42:00,69,0.08173818263937573,0.0,0,0.0,0.0,0.0
2015-09-10 14:47:00,69,0.08173818263937573,0.0,0,0.0,0.0,0.0
2015-09-10 14:57:00,69,0.08173818263937573,0.0,0,0.0,0.0,0.0
2015-09-10 15:02:00,71,0.08173818263937573,0.0,0,0.0,0.0,0.0
2015-09-10 15:07:00,64,0.08173818263937573,0.0,0,0.0,0.0,0.0
2015-09-10 15:12:00,64,0.08482741643143797,0.0,0,0.0,0.0,0.0
2015-09-10 15:17:00,66,0.08482741643143797,0.0,0,0.0,0.0,0.0
2015-09-10 15:22:00,76,0.08482741643143797,0.0,0,0.0,0.0,0.0
2015-09-10 15:27:00,64,0.08482741643143797,0.0,0,0.0,0.0,0.0
2015-09-10 15:32:00,67,0.08482741643143797,0.0,0,0.0,0.0,0.0
2015-09-10 15:37:00,64,0.08482741643143797,0.0,0,0.0,0.0,0.0
2015-09-10 15:42:00,70,0.08482741643143797,0.0,0,0.0,0.0,0.0
2015-09-10 15:47:00,70,0.07054983930022451,0.0,0,0.0,0.0,0.0
2015-09-10 15:52:00,68,0.07054983930022451,0.0,0,0.0,0.0,0.0
2015-09-10 15:57:00,69,0.07054983930022451,0.0,0,0.0,0.0,0.0
2015-09-10 16:02:00,68,0.07054983930022451,0.0,0,0.0,0.0,0.0
2015-09-10 16:12:00,68,0.07054983930022451,0.0,0,0.0,0.0,0.0
2015-09-10 16:17:00,69,0.07054983930022451,0.0,0,0.0,0.0,0.0
2015-09-10 16:22:00,63,0.06768386323644768,0.02500000037252903,0,0.0,0.0,0.0
2015-09-10 16:27:00,67,0.06768386323644768,0.0,0,0.0,0.0,0.0
2015-09-10 16:32:00,66,0.06768386323644768,0.0,0,0.0,0.0,0.0
2015-09-10 16:37:00,68,0.06768386323644768,0.0,0,0.0,0.0,0.0
2015-09-10 16:42:00,66,0.06768386323644768,0.0,0,0.0,0.0,0.0
2015-09-10 16:47:00,67,0.06768386323644768,0.0,0,0.0,0.0,0.0
2015-09-10 16:52:00,67,0.06768386323644768,0.0,0,0.0,0.0,0.0
2015-09-10 16:57:00,68,0.06768386323644768,0.0,0,0.0,0.0,0.0
2015-09-10 17:02:00,64,0.06768386323644768,0.0,0,0.0,0.0,0.0
2015-09-10 17:07:00,67,0.06768386323644768,0.0,0,0.0,0.0,0.0
2015-09-10 17:12:00,62,0.07054983930022451,0.0,0,0.0,0.0,0.0
2015-09-10 17:17:00,67,0.07054983930022451,0.0,0,0.0,0.0,0.0
2015-09-10 17:22:00,66,0.07054983930022451,0.0,0,0.0,0.0,0.0
2015-09-10 17:32:00,66,0.07054983930022451,0.0,0,0.0,0.0,0.0
2015-09-10 17:37:00,67,0.07054983930022451,0.0,0,0.0,0.0,0.0
2015-09-10 17:42:00,62,0.06768386323644768,0.02500000037252903,0,0.0,0.0,0.0
2015-09-10 17:47:00,63,0.06489393589912547,0.02500000037252903,0,0.0,0.0,0.0
2015-09-10 17:52:00,66,0.0621794273045302,0.02500000037252903,0,0.0,0.0,0.0
2015-09-10 18:07:00,69,0.0621794273045302,0.0,0,0.0,0.0,0.0
2015-09-10 18:12:00,70,0.0621794273045302,0.0,0,0.0,0.0,0.0
2015-09-10 18:17:00,70,0.0621794273045302,0.0,0,0.0,0.0,0.0
2015-09-10 18:22:00,67,0.0621794273045302,0.0,0,0.0,0.0,0.0
2015-09-10 18:37:00,66,0.0621794273045302,0.0,0,0.0,0.0,0.0
2015-09-10 18:42:00,68,0.05953968734793975,0.02500000037252903,0,0.0,0.0,0.0
2015-09-10 18:47:00,71,0.05953968734793975,0.0,0,0.0,0.0,0.0
2015-09-10 18:52:00,62,0.0621794273045302,0.0,0,0.0,0.0,0.0
2015-09-10 18:57:00,68,0.06489393589912547,0.0,0,0.0,0.0,0.0
2015-09-10 19:32:00,62,0.06768386323644768,0.0,0,0.0,0.0,0.0
2015-09-10 19:37:00,64,0.06768386323644768,0.0,0,0.0,0.0,0.0
2015-09-10 19:47:00,69,0.06768386323644768,0.0,0,0.0,0.0,0.0
2015-09-10 19:57:00,63,0.0621794273045302,0.05000000074505806,0,0.0,0.0,0.0
2015-09-10 20:02:00,64,0.05448180909766225,0.07500000298023224,0,0.0,0.0,0.0
2015-09-10 21:02:00,62,0.0452323214810116,0.10000000149011612,0,0.0,0.0,0.0
2015-09-10 21:12:00,69,0.0452323214810116,0.02500000037252903,0,0.0,0.0,0.0
2015-09-10 21:27:00,65,0.03902875232687953,0.07500000298023224,0,0.0,0.0,0.0
2015-09-10 21:57:00,56,0.0354197753379696,0.20000000298023224,0,0.0,0.0,0.0
2015-09-10 22:12:00,64,0.04545728386475113,0.125,0,0.0,0.0,0.0
2015-09-10 23:42:00,70,0.04767050156426417,0.02500000037252903,0,0.0,0.0,0.0
2015-09-10 23:47:00,61,0.05723604110815333,0.10000000149011612,0,0.0,0.0,0.0
2015-09-11 05:27:00,64,0.08638240598245363,0.25,0,0.0,0.0,0.0
2015-09-11 05:47:00,68,0.11147743985272857,0.22499999403953552,0,0.0,0.0,0.0
2015-09-11 06:17:00,65,0.10390049609260743,0.02500000037252903,0,0.0,0.0,0.0
2015-09-11 06:37:00,70,0.10023500127124066,0.07500000298023224,0,0.0,0.0,0.0
2015-09-11 06:42:00,65,0.1076478339206026,0.07500000298023224,0,0.0,0.0,0.0
2015-09-11 06:57:00,65,0.1076478339206026,0.07500000298023224,0,0.0,0.0,0.0
2015-09-11 07:07:00,70,0.08972508788302334,0.07500000298023224,0,0.0,0.0,0.0
2015-09-11 07:12:00,73,0.09665090749853156,0.17499999701976776,0,0.0,0.0,0.0
2015-09-11 07:32:00,69,0.10764783363834468,0.10000000149011612,0,0.0,0.0,0.0
2015-09-11 07:42:00,68,0.09665090749853156,0.02500000037252903,0,0.0,0.0,0.0
2015-09-11 08:12:00,65,0.06797680595864097,0.02500000037252903,0,0.0,0.0,0.0
2015-09-11 08:42:00,68,0.04767050156426417,0.02500000037252903,0,0.0,0.0,0.0
2015-09-11 08:47:00,69,0.04767050156426417,0.02500000037252903,0,0.0,0.0,0.0
2015-09-11 09:12:00,71,0.0523092140368127,0.125,0,0.0,0.0,0.0
2015-09-11 09:17:00,70,0.05473624351109898,0.10000000149011612,0,0.0,0.0,0.0
2015-09-11 09:27:00,64,0.05473624351109898,0.07500000298023224,0,0.0,0.0,0.0
2015-09-11 09:32:00,68,0.0476705008942079,0.0,0,0.0,0.0,0.0
2015-09-11 09:37:00,70,0.03361186639361629,0.0,0,0.0,0.0,0.0
2015-09-11 09:52:00,66,0.033428531631441806,0.0,0,0.0,0.0,0.0
2015-09-11 09:57:00,71,0.03522973642463991,0.0,0,0.0,0.0,0.0
2015-09-11 10:07:00,68,0.03709616782793637,0.0,0,0.0,0.0,0.0
2015-09-11 10:27:00,63,0.03902875261983101,0.0,0,0.0,0.0,0.0
2015-09-11 10:39:00,66,0.04102839258537428,0.0,0,0.0,0.0,0.0
2015-09-11 10:49:00,65,0.052062265640614634,0.0,0,0.0,0.0,0.0
2015-09-11 11:19:00,69,0.062179427105077074,0.0,0,0.0,0.0,0.0
2015-09-11 11:29:00,70,0.07054983930022451,0.0,0,0.0,0.0,0.0
2015-09-11 11:34:00,67,0.07054983930022451,0.0,0,0.0,0.0,0.0
2015-09-11 11:39:00,63,0.07054983930022451,0.0,0,0.0,0.0,0.0
2015-09-11 11:44:00,68,0.07054983930022451,0.0,0,0.0,0.0,0.0
2015-09-11 11:54:00,71,0.06768386323644768,0.02500000037252903,0,0.0,0.0,0.0
2015-09-11 12:04:00,60,0.06489393589912547,0.02500000037252903,0,0.0,0.0,0.0
2015-09-11 12:14:00,81,1.0,0.07500000298023224,0,-0.22,-0.11,-0.11
2015-09-11 12:39:00,69,0.05697404510658865,0.0,0,0.0,0.0,0.0
2015-09-11 12:44:00,71,0.05697404510658865,0.0,0,0.0,0.0,0.0
2015-09-11 12:49:00,64,0.05697404510658865,0.0,0,0.0,0.0,0.0
2015-09-11 12:54:00,65,0.05697404510658865,0.0,0,0.0,0.0,0.0
2015-09-11 12:59:00,69,0.05697404510658865,0.0,0,0.0,0.0,0.0
2015-09-11 13:09:00,66,0.05697404510658865,0.0,0,0.0,0.0,0.0
2015-09-11 13:24:00,65,0.05697404510658865,0.0,0,0.0,0.0,0.0
2015-09-11 13:29:00,67,0.05953968715403263,0.0,0,0.0,0.0,0.0
2015-09-11 13:39:00,67,0.062179427105077074,0.0,0,0.0,0.0,0.0
2015-09-11 13:44:00,66,0.07054983930022451,0.0,0,0.0,0.0,0.0
2015-09-11 13:49:00,69,0.07054983930022451,0.0,0,0.0,0.0,0.0
2015-09-11 13:54:00,70,0.07054983930022451,0.0,0,0.0,0.0,0.0
2015-09-11 14:04:00,65,0.07054983930022451,0.0,0,0.0,0.0,0.0
2015-09-11 14:14:00,68,0.07054983930022451,0.0,0,0.0,0.0,0.0
2015-09-11 14:19:00,68,0.07054983930022451,0.0,0,0.0,0.0,0.0
2015-09-11 14:24:00,66,0.07054983930022451,0.0,0,0.0,0.0,0.0
2015-09-11 14:29:00,67,0.07054983930022451,0.0,0,0.0,0.0,0.0
2015-09-11 14:39:00,66,0.07054983930022451,0.0,0,0.0,0.0,0.0
2015-09-11 14:44:00,67,0.07054983930022451,0.0,0,0.0,0.0,0.0
2015-09-11 14:54:00,66,0.07054983930022451,0.0,0,0.0,0.0,0.0
2015-09-11 14:59:00,65,0.07054983930022451,0.0,0,0.0,0.0,0.0
2015-09-11 15:09:00,69,0.07054983930022451,0.0,0,0.0,0.0,0.0
2015-09-11 15:14:00,69,0.07054983930022451,0.0,0,0.0,0.0,0.0
2015-09-11 15:19:00,70,0.06500299359637679,0.0,0,0.0,0.0,0.0
2015-09-11 15:24:00,67,0.06500299359637679,0.0,0,0.0,0.0,0.0
2015-09-11 15:29:00,68,0.06500299359637679,0.0,0,0.0,0.0,0.0
2015-09-11 15:34:00,64,0.06500299359637679,0.0,1,0.8716042063328711,0.8716042063328711,0.8716042063328711
2015-09-11 15:39:00,66,0.06500299359637679,0.0,1,0.0,0.0,0.0
2015-09-11 15:44:00,66,0.06500299359637679,0.0,1,0.0,0.0,0.0
2015-09-11 15:49:00,62,0.06500299359637679,0.0,1,0.0,0.0,0.0
2015-09-11 15:54:00,66,0.06500299359637679,0.0,1,0.0,0.0,0.0
2015-09-11 15:59:00,60,0.06500299359637679,0.0,1,0.0,0.0,0.0
2015-09-11 16:04:00,66,0.06500299359637679,0.0,1,0.0,0.0,0.0
2015-09-11 16:09:00,68,0.06500299359637679,0.0,1,0.0,0.0,0.0
2015-09-11 16:14:00,64,0.06196311479180942,0.02500000037252903,1,0.0,0.0,0.0
2015-09-11 16:19:00,66,0.06196311479180942,0.0,1,0.0,0.0,0.0
2015-09-11 16:24:00,60,0.05901704189527164,0.02500000037252903,1,0.0,0.0,0.0
2015-09-11 16:29:00,70,0.056163827133711486,0.02500000037252903,1,0.0,0.0,0.0
2015-09-11 16:34:00,65,0.056163827133711486,0.0,1,0.0,0.0,0.0
2015-09-11 16:39:00,59,0.056163827133711486,0.0,1,0.0,0.0,0.0
2015-09-11 16:44:00,23,1.0,0.42500001192092896,1,0.0,0.0,0.0
2015-09-11 16:49:00,52,0.17065144752694025,0.8249999880790709,1,0.0,0.0,0.0
2015-09-11 16:54:00,56,0.18208900309218048,0.05000000074505806,1,0.0,0.0,0.0
2015-09-11 16:59:00,67,0.18208900309218048,0.0,1,0.0,0.0,0.0
2015-09-11 17:04:00,63,0.17631536901974834,0.0,1,0.0,0.0,0.0
2015-09-11 17:09:00,61,0.17631536901974834,0.0,1,0.0,0.0,0.0
2015-09-11 17:14:00,65,0.17065144752694025,0.0,1,0.0,0.0,0.0
2015-09-11 17:19:00,63,0.16509687205020326,0.0,1,0.0,0.0,0.0
2015-09-11 17:24:00,62,0.16509687205020326,0.0,1,0.0,0.0,0.0
2015-09-11 17:29:00,66,0.16509687205020326,0.0,1,0.0,0.0,0.0
2015-09-11 17:34:00,62,0.08697127165201286,0.0,1,0.0,0.0,0.0
2015-09-11 17:39:00,70,0.05901704189527164,0.0,1,0.0,0.0,0.0
2015-09-11 17:44:00,68,0.06500299359637679,0.0,1,0.0,0.0,0.0
2015-09-11 17:49:00,69,0.06500299359637679,0.0,1,0.0,0.0,0.0
2015-09-11 17:54:00,69,0.06500299359637679,0.0,1,0.0,0.0,0.0
2015-09-11 17:59:00,69,0.06500299359637679,0.0,0,0.0,0.0,0.0
2015-09-11 18:04:00,64,0.06500299359637679,0.0,0,0.0,0.0,0.0
2015-09-11 18:09:00,68,0.06500299359637679,0.0,0,0.0,0.0,0.0
2015-09-11 18:11:00,70,0.06500299359637679,0.0,0,0.0,0.0,0.0
2015-09-11 18:16:00,65,0.06500299359637679,0.0,0,0.0,0.0,0.0
2015-09-11 18:21:00,70,0.06500299359637679,0.0,0,0.0,0.0,0.0
2015-09-11 18:26:00,67,0.06500299359637679,0.0,0,0.0,0.0,0.0
2015-09-11 18:31:00,64,0.06500299359637679,0.0,0,0.0,0.0,0.0
2015-09-11 18:36:00,67,0.06500299359637679,0.0,0,0.0,0.0,0.0
2015-09-11 18:41:00,67,0.06196311479180942,0.02500000037252903,0,0.0,0.0,0.0
2015-09-11 18:51:00,68,0.06196311479180942,0.0,0,0.0,0.0,0.0
2015-09-11 18:56:00,68,0.05901704189527164,0.02500000037252903,0,0.0,0.0,0.0
2015-09-11 19:01:00,68,0.05901704189527164,0.0,0,0.0,0.0,0.0
2015-09-11 19:26:00,63,0.056163827133711486,0.02500000037252903,0,0.0,0.0,0.0
2015-09-11 19:41:00,62,0.056163827133711486,0.0,0,0.0,0.0,0.0
2015-09-11 19:46:00,69,0.056163827133711486,0.0,0,0.0,0.0,0.0
2015-09-11 20:01:00,61,0.0456594048027854,0.10000000149011612,0,0.0,0.0,0.0
2015-09-11 20:06:00,58,0.034489912883052566,0.125,0,0.0,0.0,0.0
2015-09-11 20:16:00,61,0.034489912883052566,0.0,0,0.0,0.0,0.0
2015-09-11 20:26:00,63,0.03655584346495041,0.0,0,0.0,0.0,0.0
2015-09-11 20:36:00,62,0.03655584346495041,0.0,0,0.0,0.0,0.0
2015-09-11 20:46:00,66,0.0387045009058784,0.0,0,0.0,0.0,0.0
2015-09-11 20:51:00,65,0.0387045009058784,0.0,0,0.0,0.0,0.0
2015-09-11 21:01:00,60,0.0387045009058784,0.02500000037252903,0,0.0,0.0,0.0
2015-09-11 21:21:00,64,0.03655584346495041,0.02500000037252903,0,0.0,0.0,0.0
2015-09-11 21:51:00,59,0.037540229317198935,0.17499999701976776,0,0.0,0.0,0.0
2015-09-11 21:56:00,56,0.046802122262877256,0.20000000298023224,0,0.0,0.0,0.0
2015-09-11 21:59:00,47,0.08330440810017775,0.42500001192092896,0,0.0,0.0,0.0
2015-09-11 22:16:00,60,0.29732774214469393,0.9499999880790708,0,0.0,0.0,0.0
2015-09-11 22:41:00,56,0.34584581766032185,0.15000000596046448,0,0.0,0.0,0.0
2015-09-11 23:41:00,57,0.4456298783340379,0.2750000059604645,0,0.0,0.0,0.0
2015-09-12 00:16:00,79,0.6045644620191909,0.375,0,-0.21855342899018906,-0.10927671449509453,-0.10927671449509452
2015-09-12 00:46:00,62,0.29999999673506555,0.17499999701976776,0,0.0,0.0,0.0
2015-09-12 02:56:00,64,0.29999999673506555,0.05000000074505806,0,0.0,0.0,0.0
2015-09-12 03:41:00,58,0.29999999673506555,0.20000000298023224,0,0.0,0.0,0.0
2015-09-12 05:06:00,78,0.29999999673506555,0.75,0,0.0,0.0,0.0
2015-09-12 06:51:00,75,0.29999999673506555,0.05000000074505806,0,0.0,0.0,0.0
2015-09-12 07:11:00,71,0.29999999673506555,0.0,0,0.0,0.0,0.0
2015-09-12 07:41:00,70,0.3805015400531988,0.02500000037252903,0,0.0,0.0,0.0
2015-09-12 07:51:00,73,0.3374713785148773,0.02500000037252903,0,0.0,0.0,0.0
2015-09-12 08:01:00,70,0.260047770771118,0.02500000037252903,0,0.0,0.0,0.0
2015-09-12 08:16:00,70,0.16509687245998733,0.0,0,0.0,0.0,0.0
2015-09-12 08:46:00,80,0.16509687245998733,0.17499999701976776,0,0.0,0.0,0.0
2015-09-12 08:56:00,66,0.15965126330336435,0.02500000037252903,0,0.0,0.0,0.0
2015-09-12 09:16:00,68,0.11995884856622815,0.0,0,0.0,0.0,0.0
2015-09-12 09:21:00,76,0.03147276066386785,0.05000000074505806,0,0.0,0.0,0.0
2015-09-12 09:26:00,66,0.03250539340612203,0.0,0,0.0,0.0,0.0
2015-09-12 09:56:00,69,0.03250539340612203,0.0,0,0.0,0.0,0.0
2015-09-12 10:06:00,69,0.034489913184801456,0.0,0,0.0,0.0,0.0
2015-09-12 10:16:00,70,0.03655584377892949,0.0,0,0.0,0.0,0.0
2015-09-12 10:46:00,72,0.03870450123228083,0.0,0,0.0,0.0,0.0
2015-09-12 10:51:00,67,0.03870450123228083,0.0,0,0.0,0.0,0.0
2015-09-12 10:56:00,71,0.056163827133711486,0.0,0,0.0,0.0,0.0
2015-09-12 11:06:00,64,0.05901704189527164,0.0,0,0.0,0.0,0.0
2015-09-12 11:31:00,67,0.05901704189527164,0.0,0,0.0,0.0,0.0
2015-09-12 11:41:00,75,0.05901704189527164,0.05000000074505806,0,0.0,0.0,0.0
2015-09-12 11:46:00,68,0.05901704189527164,0.0,0,0.0,0.0,0.0
2015-09-12 12:06:00,67,0.05901704189527164,0.0,0,0.0,0.0,0.0
2015-09-12 12:11:00,71,0.05901704189527164,0.0,0,0.0,0.0,0.0
2015-09-12 12:16:00,65,0.05901704189527164,0.0,0,0.0,0.0,0.0
2015-09-12 12:26:00,67,0.056163827133711486,0.02500000037252903,0,0.0,0.0,0.0
2015-09-12 12:31:00,77,0.05073201273417259,0.05000000074505806,0,0.0,0.0,0.0
2015-09-12 12:36:00,67,0.05073201273417259,0.0,0,0.0,0.0,0.0
2015-09-12 12:46:00,67,0.05073201273417259,0.0,0,0.0,0.0,0.0
2015-09-12 12:51:00,68,0.05073201273417259,0.0,0,0.0,0.0,0.0
2015-09-12 13:06:00,70,0.056163827133711486,0.0,0,0.0,0.0,0.0
2015-09-12 13:11:00,67,0.056163827133711486,0.0,0,0.0,0.0,0.0
2015-09-12 13:16:00,62,0.056163827133711486,0.0,0,0.0,0.0,0.0
2015-09-12 13:21:00,67,0.053990455255721284,0.0,0,0.0,0.0,0.0
2015-09-12 13:36:00,67,0.053990455255721284,0.0,0,0.0,0.0,0.0
2015-09-12 13:41:00,65,0.056026307143916806,0.0,0,0.0,0.0,0.0
2015-09-12 14:16:00,73,0.06024732853280724,0.0,0,0.0,0.0,0.0
2015-09-12 14:21:00,69,0.06024732853280724,0.0,0,0.0,0.0,0.0
2015-09-12 14:31:00,70,0.06024732853280724,0.0,0,0.0,0.0,0.0
2015-09-12 14:41:00,70,0.06024732853280724,0.0,0,0.0,0.0,0.0
2015-09-12 14:56:00,69,0.06024732853280724,0.0,0,0.0,0.0,0.0
2015-09-12 15:01:00,72,0.06024732853280724,0.0,0,0.0,0.0,0.0
2015-09-12 15:11:00,70,0.06024732853280724,0.0,0,0.0,0.0,0.0
2015-09-12 15:16:00,64,0.06024732853280724,0.0,0,0.0,0.0,0.0
2015-09-12 15:21:00,68,0.06024732853280724,0.0,0,0.0,0.0,0.0
2015-09-12 15:31:00,66,0.06024732853280724,0.0,0,0.0,0.0,0.0
2015-09-12 15:36:00,72,0.06024732853280724,0.0,0,0.0,0.0,0.0
2015-09-12 15:41:00,71,0.06024732853280724,0.0,0,0.0,0.0,0.0
2015-09-12 15:46:00,68,0.06024732853280724,0.0,0,0.0,0.0,0.0
2015-09-12 15:51:00,66,0.06024732853280724,0.0,0,0.0,0.0,0.0
2015-09-12 15:56:00,70,0.06024732853280724,0.0,0,0.0,0.0,0.0
2015-09-12 16:01:00,68,0.06024732853280724,0.0,0,0.0,0.0,0.0
2015-09-12 16:11:00,65,0.06024732853280724,0.0,0,0.0,0.0,0.0
2015-09-12 16:16:00,72,0.06024732853280724,0.0,0,0.0,0.0,0.0
2015-09-12 16:21:00,65,0.06024732853280724,0.0,0,0.0,0.0,0.0
2015-09-12 16:31:00,71,0.06024732853280724,0.0,0,0.0,0.0,0.0
2015-09-12 16:36:00,65,0.06024732853280724,0.0,0,0.0,0.0,0.0
2015-09-12 16:41:00,64,0.06024732853280724,0.0,0,0.0,0.0,0.0
2015-09-12 16:46:00,69,0.06024732853280724,0.0,0,0.0,0.0,0.0
2015-09-12 16:51:00,68,0.06024732853280724,0.0,0,0.0,0.0,0.0
2015-09-12 16:56:00,72,0.06024732853280724,0.0,0,0.0,0.0,0.0
2015-09-12 17:01:00,71,0.06024732853280724,0.0,0,0.0,0.0,0.0
2015-09-12 17:06:00,69,0.06024732853280724,0.0,0,0.0,0.0,0.0
2015-09-12 17:21:00,71,0.06024732853280724,0.0,0,0.0,0.0,0.0
2015-09-12 17:46:00,69,0.06024732853280724,0.0,0,0.0,0.0,0.0
2015-09-12 18:21:00,73,0.06024732853280724,0.0,0,0.0,0.0,0.0
2015-09-12 18:41:00,70,0.06024732853280724,0.0,0,0.0,0.0,0.0
2015-09-12 19:01:00,68,0.06024732853280724,0.0,0,0.0,0.0,0.0
2015-09-12 19:21:00,62,0.06024732853280724,0.0,0,0.0,0.0,0.0
2015-09-12 19:26:00,69,0.06024732853280724,0.0,0,0.0,0.0,0.0
2015-09-12 19:46:00,72,0.06024732853280724,0.0,0,0.0,0.0,0.0
2015-09-12 19:51:00,65,0.06024732853280724,0.0,0,0.0,0.0,0.0
2015-09-12 20:06:00,60,0.06024732853280724,0.0,0,0.0,0.0,0.0
2015-09-12 20:31:00,62,0.06024732853280724,0.0,0,0.0,0.0,0.0
2015-09-12 20:51:00,66,0.06024732853280724,0.0,0,0.0,0.0,0.0
2015-09-12 21:21:00,68,0.058111800756816365,0.02500000037252903,0,0.0,0.0,0.0
2015-09-12 21:36:00,63,0.04633526062922033,0.15000000596046448,0,0.0,0.0,0.0
2015-09-12 21:51:00,70,0.0427945556144135,0.05000000074505806,0,0.0,0.0,0.0
2015-09-12 22:46:00,74,0.03783180472385831,0.07500000298023224,0,0.0,0.0,0.0
2015-09-12 23:01:00,62,0.03783180472385831,0.0,0,0.0,0.0,0.0
2015-09-12 23:06:00,59,0.03474980611422089,0.05000000074505806,0,0.0,0.0,0.0
2015-09-12 23:31:00,59,0.03397904577749868,0.15000000596046448,0,0.0,0.0,0.0
2015-09-13 06:31:00,62,0.06129248019482001,0.375,0,0.0,0.0,0.0
2015-09-13 07:51:00,70,0.06350280923888275,0.02500000037252903,0,0.0,0.0,0.0
2015-09-13 08:01:00,62,0.06576410391415853,0.02500000037252903,0,0.0,0.0,0.0
2015-09-13 08:26:00,67,0.06576410391415853,0.02500000037252903,0,0.0,0.0,0.0
2015-09-13 09:21:00,69,0.05496355523870502,0.02500000037252903,0,0.0,0.0,0.0
2015-09-13 09:26:00,72,0.05496355523870502,0.05000000074505806,0,0.0,0.0,0.0
2015-09-13 09:41:00,67,0.0509920884790727,0.02500000037252903,0,0.0,0.0,0.0
2015-09-13 10:06:00,69,0.052953308613077836,0.02500000037252903,0,0.0,0.0,0.0
2015-09-13 10:11:00,72,0.0509920884790727,0.02500000037252903,0,0.0,0.0,0.0
2015-09-13 10:16:00,65,0.041906379386123765,0.02500000037252903,0,0.0,0.0,0.0
2015-09-13 10:46:00,76,0.04109434218533999,0.0,0,0.0,0.0,0.0
2015-09-13 10:51:00,67,0.04279455587122562,0.0,0,0.0,0.0,0.0
2015-09-13 10:56:00,72,0.04454137334298229,0.0,0,0.0,0.0,0.0
2015-09-13 11:06:00,70,0.04633526090006016,0.0,0,0.0,0.0,0.0
2015-09-13 11:11:00,65,0.04817667381952531,0.0,0,0.0,0.0,0.0
2015-09-13 11:26:00,71,0.05200384260961482,0.0,0,0.0,0.0,0.0
2015-09-13 11:31:00,69,0.053990455255721284,0.0,0,0.0,0.0,0.0
2015-09-13 11:46:00,64,0.056026307143916806,0.0,0,0.0,0.0,0.0
2015-09-13 11:51:00,67,0.058111800756816365,0.0,0,0.0,0.0,0.0
2015-09-13 11:56:00,69,0.06024732853280724,0.0,0,0.0,0.0,0.0
2015-09-13 12:06:00,66,0.06024732853280724,0.0,0,0.0,0.0,0.0
2015-09-13 12:21:00,73,0.06024732853280724,0.0,0,0.0,0.0,0.0
2015-09-13 12:26:00,70,0.06024732853280724,0.0,0,0.0,0.0,0.0
2015-09-13 12:31:00,66,0.06024732853280724,0.0,0,0.0,0.0,0.0
2015-09-13 12:41:00,66,0.06024732853280724,0.0,0,0.0,0.0,0.0
2015-09-13 12:53:00,66,0.06024732853280724,0.0,0,0.0,0.0,0.0
2015-09-13 12:58:00,70,0.06024732853280724,0.0,0,0.0,0.0,0.0
2015-09-13 13:03:00,67,0.06024732853280724,0.0,0,0.0,0.0,0.0
2015-09-13 13:08:00,72,0.06024732853280724,0.0,0,0.0,0.0,0.0
2015-09-13 13:13:00,69,0.06024732853280724,0.0,0,0.0,0.0,0.0
2015-09-13 13:18:00,66,0.06024732853280724,0.0,0,0.0,0.0,0.0
2015-09-13 13:23:00,68,0.06024732853280724,0.0,0,0.0,0.0,0.0
2015-09-13 13:28:00,65,0.06024732853280724,0.0,0,0.0,0.0,0.0
2015-09-13 13:38:00,67,0.06024732853280724,0.0,0,0.0,0.0,0.0
2015-09-13 13:43:00,64,0.06024732853280724,0.0,0,0.0,0.0,0.0
2015-09-13 13:53:00,66,0.06024732853280724,0.0,0,0.0,0.0,0.0
2015-09-13 13:58:00,68,0.06024732853280724,0.0,0,0.0,0.0,0.0
2015-09-13 14:13:00,68,0.06024732853280724,0.0,0,0.0,0.0,0.0
2015-09-13 14:23:00,67,0.06024732853280724,0.0,0,0.0,0.0,0.0
2015-09-13 14:28:00,59,0.06024732853280724,0.0,0,0.0,0.0,0.0
2015-09-13 14:38:00,64,0.06024732853280724,0.0,0,0.0,0.0,0.0
2015-09-13 14:48:00,67,0.06024732853280724,0.0,0,0.0,0.0,0.0
2015-09-13 14:53:00,65,0.06024732853280724,0.0,0,0.0,0.0,0.0
2015-09-13 15:13:00,67,0.06024732853280724,0.0,0,0.0,0.0,0.0
2015-09-13 15:23:00,66,0.06024732853280724,0.0,0,0.0,0.0,0.0
2015-09-13 15:28:00,68,0.06024732853280724,0.0,0,0.0,0.0,0.0
2015-09-13 15:33:00,66,0.06024732853280724,0.0,0,0.0,0.0,0.0
2015-09-13 15:38:00,72,0.06024732853280724,0.0,0,0.0,0.0,0.0
2015-09-13 15:43:00,71,0.06024732853280724,0.0,0,0.0,0.0,0.0
2015-09-13 15:48:00,69,0.06024732853280724,0.0,0,0.0,0.0,0.0
2015-09-13 16:03:00,61,0.06024732853280724,0.0,0,0.0,0.0,0.0
2015-09-13 16:08:00,67,0.05651083727538801,0.0,0,0.0,0.0,0.0
2015-09-13 16:18:00,66,0.05651083727538801,0.0,0,0.0,0.0,0.0
2015-09-13 16:28:00,74,0.05651083727538801,0.0,0,0.0,0.0,0.0
2015-09-13 16:48:00,65,0.05651083727538801,0.0,0,0.0,0.0,0.0
2015-09-13 16:53:00,69,0.05651083727538801,0.0,0,0.0,0.0,0.0
2015-09-13 16:58:00,64,0.05651083727538801,0.0,0,0.0,0.0,0.0
2015-09-13 17:03:00,67,0.05651083727538801,0.0,0,0.0,0.0,0.0
2015-09-13 17:13:00,69,0.05651083727538801,0.0,0,0.0,0.0,0.0
2015-09-13 17:18:00,62,0.05651083727538801,0.0,0,0.0,0.0,0.0
2015-09-13 17:23:00,63,0.05651083727538801,0.0,0,0.0,0.0,0.0
2015-09-13 17:43:00,73,0.05651083727538801,0.0,0,0.0,0.0,0.0
2015-09-13 17:48:00,64,0.05651083727538801,0.0,0,0.0,0.0,0.0
2015-09-13 17:53:00,67,0.05651083727538801,0.0,0,0.0,0.0,0.0
2015-09-13 17:58:00,65,0.05651083727538801,0.0,0,0.0,0.0,0.0
2015-09-13 18:08:00,67,0.05651083727538801,0.0,0,0.0,0.0,0.0
2015-09-13 18:18:00,65,0.05651083727538801,0.0,0,0.0,0.0,0.0
2015-09-13 18:23:00,74,0.05651083727538801,0.0,0,0.0,0.0,0.0
2015-09-13 18:33:00,65,0.05651083727538801,0.0,0,0.0,0.0,0.0
2015-09-13 18:38:00,70,0.05651083727538801,0.0,0,0.0,0.0,0.0
2015-09-13 18:43:00,70,0.05651083727538801,0.0,0,0.0,0.0,0.0
2015-09-13 18:48:00,69,0.05651083727538801,0.0,0,0.0,0.0,0.0
2015-09-13 18:58:00,69,0.05651083727538801,0.0,0,0.0,0.0,0.0
2015-09-13 19:08:00,63,0.05651083727538801,0.0,0,0.0,0.0,0.0
2015-09-13 19:13:00,63,0.05651083727538801,0.0,0,0.0,0.0,0.0
2015-09-13 19:33:00,65,0.05651083727538801,0.0,0,0.0,0.0,0.0
2015-09-13 19:43:00,56,0.0521098674605084,0.05000000074505806,0,0.0,0.0,0.0
2015-09-13 19:48:00,69,0.0521098674605084,0.0,0,0.0,0.0,0.0
2015-09-13 20:13:00,63,0.0521098674605084,0.0,0,0.0,0.0,0.0
2015-09-13 20:33:00,66,0.0521098674605084,0.0,0,0.0,0.0,0.0
2015-09-13 20:43:00,66,0.0521098674605084,0.0,0,0.0,0.0,0.0
2015-09-13 20:48:00,64,0.049996743557879315,0.02500000037252903,0,0.0,0.0,0.0
2015-09-13 21:08:00,68,0.045942476615880516,0.05000000074505806,0,0.0,0.0,0.0
2015-09-13 21:28:00,55,0.03282748719479741,0.2750000059604645,0,0.0,0.0,0.0
2015-09-13 22:48:00,75,0.03606983190011198,0.05000000074505806,0,0.0,0.0,0.0
2015-09-13 22:53:00,69,0.03606983190011198,0.0,0,0.0,0.0,0.0
2015-09-13 23:33:00,62,0.03442251807115003,0.02500000037252903,0,0.0,0.0,0.0
2015-09-14 00:33:00,68,0.03777010923321731,0.05000000074505806,0,0.0,0.0,0.0
2015-09-14 05:53:00,66,0.047088631422681125,0.125,0,0.0,0.0,0.0
2015-09-14 06:18:00,66,0.047088631422681125,0.0,0,0.0,0.0,0.0
2015-09-14 06:28:00,75,0.06253048201666869,0.17499999701976776,0,0.0,0.0,0.0
2015-09-14 06:48:00,65,0.07004409905813061,0.10000000149011612,0,0.0,0.0,0.0
2015-09-14 06:53:00,68,0.07267156067888084,0.07500000298023224,0,0.0,0.0,0.0
2015-09-14 06:58:00,71,0.055560282627057006,0.10000000149011612,0,0.0,0.0,0.0
2015-09-14 07:08:00,69,0.057824108488734836,0.07500000298023224,0,0.0,0.0,0.0
2015-09-14 07:28:00,67,0.0674783971647348,0.10000000149011612,0,0.0,0.0,0.0
2015-09-14 07:33:00,68,0.07267156087695346,0.07500000298023224,0,0.0,0.0,0.0
2015-09-14 07:38:00,67,0.07536121337608392,0.07500000298023224,0,0.0,0.0,0.0
2015-09-14 07:48:00,71,0.06497401096367009,0.02500000037252903,0,0.0,0.0,0.0
2015-09-14 07:58:00,67,0.06747839773134459,0.02500000037252903,0,0.0,0.0,0.0
2015-09-14 08:13:00,65,0.05120879985611429,0.0,0,0.0,0.0,0.0
2015-09-14 08:28:00,66,0.04319528389400002,0.0,0,0.0,0.0,0.0
2015-09-14 08:33:00,64,0.03777010949055767,0.0,0,0.0,0.0,0.0
2015-09-14 08:48:00,60,0.03282748742861456,0.02500000037252903,0,0.0,0.0,0.0
2015-09-14 08:53:00,69,0.031930787347346015,0.0,0,0.0,0.0,0.0
2015-09-14 09:03:00,66,0.038505562581713434,0.0,0,0.0,0.0,0.0
2015-09-14 09:08:00,73,0.04400019202380599,0.0,0,0.0,0.0,0.0
2015-09-14 09:13:00,70,0.049996743557879315,0.0,0,0.0,0.0,0.0
2015-09-14 09:23:00,72,0.0521098674605084,0.0,0,0.0,0.0,0.0
2015-09-14 09:28:00,62,0.054281054199629385,0.0,0,0.0,0.0,0.0
2015-09-14 09:33:00,70,0.054281054199629385,0.0,0,0.0,0.0,0.0
2015-09-14 09:38:00,69,0.054281054199629385,0.0,0,0.0,0.0,0.0
2015-09-14 09:43:00,69,0.054281054199629385,0.0,0,0.0,0.0,0.0
2015-09-14 09:48:00,69,0.05651083727538801,0.0,0,0.0,0.0,0.0
2015-09-14 09:53:00,71,0.05651083727538801,0.0,0,0.0,0.0,0.0
2015-09-14 09:58:00,68,0.054281054199629385,0.02500000037252903,0,0.0,0.0,0.0
2015-09-14 10:13:00,63,0.054281054199629385,0.0,0,0.0,0.0,0.0
2015-09-14 10:18:00,68,0.0521098674605084,0.02500000037252903,0,0.0,0.0,0.0
2015-09-14 10:23:00,68,0.0521098674605084,0.0,0,0.0,0.0,0.0
2015-09-14 10:28:00,66,0.0521098674605084,0.0,0,0.0,0.0,0.0
2015-09-14 10:33:00,70,0.0521098674605084,0.0,0,0.0,0.0,0.0
2015-09-14 10:43:00,70,0.0521098674605084,0.0,0,0.0,0.0,0.0
2015-09-14 10:48:00,65,0.0521098674605084,0.0,0,0.0,0.0,0.0
2015-09-14 11:03:00,74,0.0521098674605084,0.0,0,0.0,0.0,0.0
2015-09-14 11:13:00,67,0.0521098674605084,0.0,0,0.0,0.0,0.0
2015-09-14 11:18:00,64,0.054281054199629385,0.0,0,0.0,0.0,0.0
2015-09-14 11:23:00,70,0.054281054199629385,0.0,0,0.0,0.0,0.0
2015-09-14 11:28:00,70,0.05651083727538801,0.0,0,0.0,0.0,0.0
2015-09-14 11:33:00,66,0.05651083727538801,0.0,0,0.0,0.0,0.0
2015-09-14 11:43:00,67,0.05651083727538801,0.0,0,0.0,0.0,0.0
2015-09-14 12:03:00,63,0.05651083727538801,0.0,0,0.0,0.0,0.0
2015-09-14 12:08:00,70,0.05651083727538801,0.0,0,0.0,0.0,0.0
2015-09-14 12:13:00,63,0.05651083727538801,0.0,0,0.0,0.0,0.0
2015-09-14 12:23:00,71,0.05651083727538801,0.0,0,0.0,0.0,0.0
2015-09-14 12:28:00,62,0.05651083727538801,0.0,0,0.0,0.0,0.0
2015-09-14 12:38:00,67,0.05651083727538801,0.0,0,0.0,0.0,0.0
2015-09-14 12:43:00,68,0.05651083727538801,0.0,0,0.0,0.0,0.0
2015-09-14 12:48:00,73,0.05651083727538801,0.0,0,0.0,0.0,0.0
2015-09-14 12:53:00,67,0.05651083727538801,0.0,0,0.0,0.0,0.0
2015-09-14 13:15:00,65,0.05651083727538801,0.0,0,0.0,0.0,0.0
2015-09-14 13:20:00,63,0.05651083727538801,0.0,0,0.0,0.0,0.0
2015-09-14 13:25:00,72,0.05651083727538801,0.0,0,0.0,0.0,0.0
2015-09-14 13:35:00,65,0.05651083727538801,0.0,0,0.0,0.0,0.0
2015-09-14 13:40:00,64,0.05651083727538801,0.0,0,0.0,0.0,0.0
2015-09-14 13:45:00,71,0.05651083727538801,0.0,0,0.0,0.0,0.0
2015-09-14 13:50:00,66,0.05651083727538801,0.0,0,0.0,0.0,0.0
2015-09-14 13:55:00,59,0.05651083727538801,0.0,0,0.0,0.0,0.0
2015-09-14 14:15:00,57,0.054281054199629385,0.02500000037252903,0,0.0,0.0,0.0
2015-09-14 14:20:00,66,0.054281054199629385,0.0,0,0.0,0.0,0.0
2015-09-14 14:25:00,71,0.054281054199629385,0.0,0,0.0,0.0,0.0
2015-09-14 14:35:00,69,0.054281054199629385,0.0,0,0.0,0.0,0.0
2015-09-14 14:40:00,67,0.0528186581412594,0.0,0,0.0,0.0,0.0
2015-09-14 14:45:00,66,0.0528186581412594,0.0,0,0.0,0.0,0.0
2015-09-14 14:50:00,67,0.0528186581412594,0.0,0,0.0,0.0,0.0
2015-09-14 14:55:00,65,0.0528186581412594,0.0,0,0.0,0.0,0.0
2015-09-14 15:00:00,70,0.0528186581412594,0.0,0,0.0,0.0,0.0
2015-09-14 15:10:00,66,0.0528186581412594,0.0,0,0.0,0.0,0.0
2015-09-14 15:15:00,66,0.05517559919798152,0.0,0,0.0,0.0,0.0
2015-09-14 15:20:00,61,0.05517559919798152,0.0,0,0.0,0.0,0.0
2015-09-14 15:30:00,68,0.05517559919798152,0.0,0,0.0,0.0,0.0
2015-09-14 15:35:00,69,0.05517559919798152,0.0,0,0.0,0.0,0.0
2015-09-14 15:40:00,63,0.05517559919798152,0.0,0,0.0,0.0,0.0
2015-09-14 15:50:00,67,0.05517559919798152,0.0,0,0.0,0.0,0.0
2015-09-14 15:55:00,66,0.05517559919798152,0.0,0,0.0,0.0,0.0
2015-09-14 16:00:00,65,0.05517559919798152,0.0,0,0.0,0.0,0.0
2015-09-14 16:05:00,67,0.05517559919798152,0.0,0,0.0,0.0,0.0
2015-09-14 16:20:00,65,0.05517559919798152,0.0,0,0.0,0.0,0.0
2015-09-14 16:25:00,66,0.05517559919798152,0.0,0,0.0,0.0,0.0
2015-09-14 16:30:00,65,0.05517559919798152,0.0,0,0.0,0.0,0.0
2015-09-14 16:35:00,64,0.0528186581412594,0.02500000037252903,0,0.0,0.0,0.0
2015-09-14 16:40:00,66,0.0528186581412594,0.0,0,0.0,0.0,0.0
2015-09-14 16:45:00,62,0.0528186581412594,0.0,0,0.0,0.0,0.0
2015-09-14 16:50:00,65,0.0528186581412594,0.0,0,0.0,0.0,0.0
2015-09-14 16:55:00,67,0.0528186581412594,0.0,0,0.0,0.0,0.0
2015-09-14 17:00:00,59,0.0528186581412594,0.0,0,0.0,0.0,0.0
2015-09-14 17:05:00,36,0.03942534077417918,0.42500001192092896,0,0.0,0.0,0.0
2015-09-14 17:10:00,21,0.15828364348570675,0.9250000119209292,0,0.0,0.0,0.0
2015-09-14 17:15:00,52,0.15828364348570675,0.0,0,0.0,0.0,0.0
2015-09-14 17:20:00,60,0.15828364348570675,0.0,0,0.0,0.0,0.0
2015-09-14 17:25:00,51,0.162945629646795,0.05000000074505806,0,0.0,0.0,0.0
2015-09-14 17:30:00,68,0.162945629646795,0.0,0,0.0,0.0,0.0
2015-09-14 17:35:00,60,0.162945629646795,0.0,0,0.0,0.0,0.0
2015-09-14 17:40:00,42,0.2309863374170885,0.32499998807907104,0,0.0,0.0,0.0
2015-09-14 17:45:00,65,0.3784196644757512,0.550000011920929,0,0.0,0.0,0.0
2015-09-14 17:50:00,59,0.3784196644757512,0.0,0,0.0,0.0,0.0
2015-09-14 17:55:00,69,0.26088983392523674,0.0,0,0.0,0.0,0.0
2015-09-14 18:00:00,68,0.08785008739585433,0.0,0,0.0,0.0,0.0
2015-09-14 18:05:00,66,0.08785008739585433,0.0,0,0.0,0.0,0.0
2015-09-14 18:10:00,66,0.08785008739585433,0.0,0,0.0,0.0,0.0
2015-09-14 18:20:00,66,0.08155236185562686,0.0,0,0.0,0.0,0.0
2015-09-14 18:25:00,68,0.08155236185562686,0.0,0,0.0,0.0,0.0
2015-09-14 18:30:00,67,0.08155236185562686,0.0,0,0.0,0.0,0.0
2015-09-14 18:35:00,67,0.04757966583641875,0.0,0,0.0,0.0,0.0
2015-09-14 18:45:00,65,0.05517559919798152,0.0,0,0.0,0.0,0.0
2015-09-14 18:50:00,66,0.0528186581412594,0.02500000037252903,0,0.0,0.0,0.0
2015-09-14 19:01:00,68,0.0528186581412594,0.0,0,0.0,0.0,0.0
2015-09-14 19:05:00,68,0.0528186581412594,0.0,0,0.0,0.0,0.0
2015-09-14 19:15:00,66,0.05052901307375577,0.02500000037252903,0,0.0,0.0,0.0
2015-09-14 19:20:00,69,0.05052901307375577,0.0,0,0.0,0.0,0.0
2015-09-14 19:30:00,64,0.05052901307375577,0.0,0,0.0,0.0,0.0
2015-09-14 19:35:00,68,0.05052901307375577,0.0,0,0.0,0.0,0.0
2015-09-14 19:45:00,65,0.05052901307375577,0.0,0,0.0,0.0,0.0
2015-09-14 20:00:00,65,0.05052901307375577,0.0,0,0.0,0.0,0.0
2015-09-14 20:10:00,66,0.05052901307375577,0.0,0,0.0,0.0,0.0
2015-09-14 20:15:00,58,0.0528186581412594,0.0,0,0.0,0.0,0.0
2015-09-14 20:20:00,71,0.0528186581412594,0.0,0,0.0,0.0,0.0
2015-09-14 20:25:00,61,0.0528186581412594,0.0,0,0.0,0.0,0.0
2015-09-14 20:30:00,72,0.05517559919798152,0.0,0,0.0,0.0,0.0
2015-09-14 20:35:00,64,0.0528186581412594,0.02500000037252903,0,0.0,0.0,0.0
2015-09-14 20:40:00,64,0.0528186581412594,0.0,0,0.0,0.0,0.0
2015-09-14 20:45:00,67,0.0528186581412594,0.0,0,0.0,0.0,0.0
2015-09-14 20:50:00,65,0.0528186581412594,0.0,0,0.0,0.0,0.0
2015-09-14 21:30:00,65,0.0528186581412594,0.0,0,0.0,0.0,0.0
2015-09-14 21:35:00,65,0.0528186581412594,0.0,0,0.0,0.0,0.0
2015-09-14 21:45:00,74,0.0528186581412594,0.0,0,0.0,0.0,0.0
2015-09-14 22:06:00,61,0.04830598846169599,0.05000000074505806,0,0.0,0.0,0.0
2015-09-14 22:21:00,60,0.04202958191531949,0.07500000298023224,0,0.0,0.0,0.0
2015-09-14 22:30:00,64,0.04202958191531949,0.0,0,0.0,0.0,0.0
2015-09-14 22:40:00,66,0.04405699868057781,0.0,0,0.0,0.0,0.0
2015-09-14 22:45:00,66,0.04405699868057781,0.0,0,0.0,0.0,0.0
2015-09-14 22:50:00,70,0.04405699868057781,0.0,0,0.0,0.0,0.0
2015-09-15 03:45:00,62,0.03816511898157355,0.07500000298023224,0,0.0,0.0,0.0
2015-09-15 04:10:00,64,0.0345491889205745,0.05000000074505806,0,0.0,0.0,0.0
2015-09-15 04:31:00,61,0.035727288997919875,0.15000000596046448,0,0.0,0.0,0.0
2015-09-15 04:55:00,90,1.0,0.9250000119209292,0,-0.22,-0.11,-0.11
2015-09-15 05:26:00,60,0.3784196644757512,1.0,0,0.0,0.0,0.0
2015-09-15 05:31:00,66,0.35588174215794965,0.0,0,0.0,0.0,0.0
2015-09-15 05:41:00,63,0.3633082529815192,0.02500000037252903,0,0.0,0.0,0.0
2015-09-15 05:46:00,76,0.4017341706662522,0.125,0,0.0,0.0,0.0
2015-09-15 05:51:00,56,0.4850876254977667,0.25,0,0.0,0.0,0.0
2015-09-15 06:05:00,72,0.5300340352266089,0.125,0,-0.22,-0.11,-0.11
2015-09-15 06:45:00,66,0.29999999673506555,0.0,0,0.0,0.0,0.0
2015-09-15 07:06:00,67,0.4939020331385021,0.02500000037252903,0,0.0,0.0,0.0
2015-09-15 07:11:00,63,0.4591680084855106,0.05000000074505806,0,0.0,0.0,0.0
2015-09-15 07:16:00,67,0.2031698150345089,0.0,0,0.0,0.0,0.0
2015-09-15 07:21:00,70,0.054382433598922864,0.02500000037252903,0,0.0,0.0,0.0
2015-09-15 07:26:00,70,0.056784604299412615,0.02500000037252903,0,0.0,0.0,0.0
2015-09-15 07:31:00,71,0.054382433598922864,0.0,0,0.0,0.0,0.0
2015-09-15 07:46:00,62,0.045444382495330914,0.02500000037252903,0,0.0,0.0,0.0
2015-09-15 07:51:00,69,0.032832357435778725,0.0,0,0.0,0.0,0.0
2015-09-15 07:56:00,67,0.042029582063990656,0.0,0,0.0,0.0,0.0
2015-09-15 08:11:00,66,0.042029582063990656,0.0,0,0.0,0.0,0.0
2015-09-15 08:21:00,65,0.04405699883402468,0.0,0,0.0,0.0,0.0
2015-09-15 08:26:00,61,0.04830598846169599,0.0,0,0.0,0.0,0.0
2015-09-15 08:31:00,68,0.04830598846169599,0.0,0,0.0,0.0,0.0
2015-09-15 08:41:00,66,0.05052901307375577,0.0,0,0.0,0.0,0.0
2015-09-15 08:46:00,67,0.05052901307375577,0.02500000037252903,0,0.0,0.0,0.0
2015-09-15 08:51:00,66,0.04614888891590927,0.05000000074505806,0,0.0,0.0,0.0
2015-09-15 08:56:00,66,0.04830598846169599,0.0,0,0.0,0.0,0.0
2015-09-15 09:01:00,70,0.04614888891590927,0.02500000037252903,0,0.0,0.0,0.0
2015-09-15 09:06:00,71,0.04614888891590927,0.0,0,0.0,0.0,0.0
2015-09-15 09:16:00,65,0.047246893473576725,0.0,0,0.0,0.0,0.0
2015-09-15 09:21:00,63,0.047246893473576725,0.0,0,0.0,0.0,0.0
2015-09-15 09:31:00,63,0.047246893473576725,0.0,0,0.0,0.0,0.0
2015-09-15 09:36:00,63,0.047246893473576725,0.0,0,0.0,0.0,0.0
2015-09-15 09:41:00,62,0.047246893473576725,0.0,0,0.0,0.0,0.0
2015-09-15 09:46:00,65,0.04922839658901372,0.0,0,0.0,0.0,0.0
2015-09-15 09:51:00,61,0.05335488646615038,0.0,0,0.0,0.0,0.0
2015-09-15 10:01:00,72,0.05335488646615038,0.0,0,0.0,0.0,0.0
2015-09-15 10:16:00,67,0.05550088232464557,0.0,0,0.0,0.0,0.0
2015-09-15 10:26:00,66,0.05550088232464557,0.0,0,0.0,0.0,0.0
2015-09-15 10:31:00,74,0.05550088232464557,0.0,0,0.0,0.0,0.0
2015-09-15 10:36:00,66,0.05550088232464557,0.0,0,0.0,0.0,0.0
2015-09-15 10:41:00,70,0.05550088232464557,0.0,0,0.0,0.0,0.0
2015-09-15 10:46:00,67,0.05550088232464557,0.0,0,0.0,0.0,0.0
2015-09-15 11:06:00,68,0.05550088232464557,0.0,0,0.0,0.0,0.0
2015-09-15 11:11:00,66,0.05550088232464557,0.0,0,0.0,0.0,0.0
2015-09-15 11:16:00,65,0.05550088232464557,0.0,0,0.0,0.0,0.0
2015-09-15 11:21:00,60,0.05550088232464557,0.0,0,0.0,0.0,0.0
2015-09-15 11:31:00,66,0.05550088232464557,0.0,0,0.0,0.0,0.0
2015-09-15 11:36:00,67,0.05550088232464557,0.0,0,0.0,0.0,0.0
2015-09-15 11:41:00,66,0.05550088232464557,0.0,0,0.0,0.0,0.0
2015-09-15 11:46:00,67,0.05550088232464557,0.0,0,0.0,0.0,0.0
2015-09-15 11:51:00,66,0.05550088232464557,0.0,0,0.0,0.0,0.0
2015-09-15 11:56:00,67,0.05550088232464557,0.0,0,0.0,0.0,0.0
2015-09-15 12:06:00,69,0.05550088232464557,0.0,0,0.0,0.0,0.0
2015-09-15 12:11:00,69,0.05550088232464557,0.0,0,0.0,0.0,0.0
2015-09-15 12:16:00,71,0.05550088232464557,0.0,0,0.0,0.0,0.0
2015-09-15 12:21:00,64,0.05550088232464557,0.0,0,0.0,0.0,0.0
2015-09-15 12:26:00,69,0.05550088232464557,0.0,0,0.0,0.0,0.0
2015-09-15 12:31:00,68,0.05550088232464557,0.0,0,0.0,0.0,0.0
2015-09-15 12:36:00,67,0.05550088232464557,0.0,0,0.0,0.0,0.0
2015-09-15 12:41:00,66,0.05550088232464557,0.0,0,0.0,0.0,0.0
2015-09-15 12:46:00,68,0.05550088232464557,0.0,0,0.0,0.0,0.0
2015-09-15 12:51:00,72,0.05550088232464557,0.0,0,0.0,0.0,0.0
2015-09-15 12:56:00,66,0.05550088232464557,0.0,0,0.0,0.0,0.0
2015-09-15 13:01:00,62,0.05550088232464557,0.0,0,0.0,0.0,0.0
2015-09-15 13:06:00,71,0.05550088232464557,0.0,0,0.0,0.0,0.0
2015-09-15 13:11:00,74,0.05550088232464557,0.0,0,0.0,0.0,0.0
2015-09-15 13:16:00,65,0.05550088232464557,0.0,0,0.0,0.0,0.0
2015-09-15 13:21:00,61,0.05550088232464557,0.0,0,0.0,0.0,0.0
2015-09-15 13:26:00,63,0.05550088232464557,0.0,1,0.9109120614477282,0.9109120614477282,0.9109120614477282
2015-09-15 13:31:00,66,0.05550088232464557,0.0,1,0.0,0.0,0.0
2015-09-15 13:36:00,63,0.05550088232464557,0.0,1,0.0,0.0,0.0
2015-09-15 13:41:00,60,0.05550088232464557,0.0,1,0.0,0.0,0.0
2015-09-15 13:46:00,59,0.05550088232464557,0.0,1,0.0,0.0,0.0
2015-09-15 13:51:00,60,0.05550088232464557,0.0,1,0.0,0.0,0.0
2015-09-15 13:54:00,56,0.05126422385666712,0.05000000074505806,1,0.0,0.0,0.0
2015-09-15 13:59:00,49,0.03813539210026262,0.17499999701976776,1,0.0,0.0,0.0
2015-09-15 14:04:00,43,0.05934671533612724,0.5249999761581421,1,0.0,0.0,0.0
2015-09-15 14:09:00,59,0.1898045048337276,0.9499999880790708,1,0.0,0.0,0.0
2015-09-15 14:14:00,51,0.19449966623988985,0.02500000037252903,1,0.0,0.0,0.0
2015-09-15 14:19:00,42,0.2966819459665882,0.4749999940395355,1,0.0,0.0,0.0
2015-09-15 14:24:00,25,0.5946713889436548,1.0,1,0.0,0.0,0.0
2015-09-15 14:29:00,10,1.0,0.550000011920929,1,0.0,0.0,0.0
2015-09-15 14:34:00,8,0.29999999673506555,0.625,1,0.0,0.0,0.0
2015-09-15 14:39:00,46,0.29999999673506555,1.0,1,0.0,0.0,0.0
2015-09-15 14:44:00,65,0.29999999673506555,0.07500000298023224,1,0.0,0.0,0.0
2015-09-15 14:49:00,68,0.29999999673506555,0.0,1,0.0,0.0,0.0
2015-09-15 14:54:00,67,0.29999999673506555,0.0,1,0.0,0.0,0.0
2015-09-15 14:59:00,64,0.29999999673506555,0.0,1,0.0,0.0,0.0
2015-09-15 15:04:00,67,0.29999999673506555,0.0,1,0.0,0.0,0.0
2015-09-15 15:09:00,62,0.29999999673506555,0.0,1,0.0,0.0,0.0
2015-09-15 15:14:00,66,0.3088904344145328,0.0,1,0.0,0.0,0.0
2015-09-15 15:24:00,68,0.18980451247448726,0.0,1,0.0,0.0,0.0
2015-09-15 15:34:00,65,0.09380969527055256,0.0,1,0.0,0.0,0.0
2015-09-15 15:39:00,65,0.04922839643936292,0.0,1,0.0,0.0,0.0
2015-09-15 15:44:00,68,0.05550088232464557,0.0,1,0.0,0.0,0.0
2015-09-15 15:49:00,66,0.05550088232464557,0.0,1,0.0,0.0,0.0
2015-09-15 15:54:00,64,0.05550088232464557,0.0,1,0.0,0.0,0.0
2015-09-15 15:59:00,64,0.05550088232464557,0.0,0,0.0,0.0,0.0
2015-09-15 16:04:00,63,0.05550088232464557,0.0,0,0.0,0.0,0.0
2015-09-15 16:09:00,63,0.05550088232464557,0.0,0,0.0,0.0,0.0
2015-09-15 16:14:00,67,0.05550088232464557,0.0,0,0.0,0.0,0.0
2015-09-15 16:19:00,63,0.05550088232464557,0.0,0,0.0,0.0,0.0
2015-09-15 16:24:00,66,0.05550088232464557,0.0,0,0.0,0.0,0.0
2015-09-15 16:29:00,67,0.05550088232464557,0.0,0,0.0,0.0,0.0
2015-09-15 16:34:00,65,0.05550088232464557,0.0,0,0.0,0.0,0.0
2015-09-15 16:39:00,65,0.05550088232464557,0.0,0,0.0,0.0,0.0
2015-09-15 16:44:00,64,0.05550088232464557,0.0,0,0.0,0.0,0.0
2015-09-15 16:49:00,69,0.05550088232464557,0.0,0,0.0,0.0,0.0
2015-09-15 16:54:00,65,0.05550088232464557,0.0,0,0.0,0.0,0.0
2015-09-15 16:59:00,65,0.05550088232464557,0.0,0,0.0,0.0,0.0
2015-09-15 17:04:00,62,0.05550088232464557,0.0,0,0.0,0.0,0.0
2015-09-15 17:09:00,57,0.05335488646615038,0.02500000037252903,0,0.0,0.0,0.0
2015-09-15 17:14:00,52,0.047246893327954016,0.07500000298023224,0,0.0,0.0,0.0
2015-09-15 17:19:00,51,0.041623013046435536,0.07500000298023224,0,0.0,0.0,0.0
2015-09-15 17:24:00,62,0.041623013046435536,0.0,0,0.0,0.0,0.0
2015-09-15 17:29:00,59,0.039853421457919085,0.02500000037252903,0,0.0,0.0,0.0
2015-09-15 17:39:00,68,0.039853421457919085,0.0,0,0.0,0.0,0.0
2015-09-15 17:44:00,64,0.039853421457919085,0.0,0,0.0,0.0,0.0
2015-09-15 17:49:00,65,0.039853421457919085,0.0,0,0.0,0.0,0.0
2015-09-15 17:54:00,66,0.039853421457919085,0.0,0,0.0,0.0,0.0
2015-09-15 17:59:00,67,0.039853421457919085,0.0,0,0.0,0.0,0.0
2015-09-15 18:04:00,63,0.041623013046435536,0.0,0,0.0,0.0,0.0
2015-09-15 18:14:00,59,0.047246893327954016,0.0,0,0.0,0.0,0.0
2015-09-15 18:19:00,68,0.05335488646615038,0.0,0,0.0,0.0,0.0
2015-09-15 18:24:00,66,0.05335488646615038,0.0,0,0.0,0.0,0.0
2015-09-15 18:29:00,66,0.05550088232464557,0.0,0,0.0,0.0,0.0
2015-09-15 18:34:00,65,0.05550088232464557,0.0,0,0.0,0.0,0.0
2015-09-15 18:39:00,64,0.05550088232464557,0.0,0,0.0,0.0,0.0
2015-09-15 18:44:00,70,0.05158415349143823,0.0,0,0.0,0.0,0.0
2015-09-15 18:49:00,67,0.05158415349143823,0.0,0,0.0,0.0,0.0
2015-09-15 18:54:00,63,0.049943313878036466,0.02500000037252903,0,0.0,0.0,0.0
2015-09-15 19:04:00,64,0.049943313878036466,0.0,0,0.0,0.0,0.0
2015-09-15 19:09:00,65,0.049943313878036466,0.0,0,0.0,0.0,0.0
2015-09-15 19:14:00,64,0.048337403888925545,0.02500000037252903,0,0.0,0.0,0.0
2015-09-15 19:19:00,60,0.048337403888925545,0.0,0,0.0,0.0,0.0
2015-09-15 19:24:00,65,0.048337403888925545,0.0,0,0.0,0.0,0.0
2015-09-15 19:29:00,69,0.048337403888925545,0.0,0,0.0,0.0,0.0
2015-09-15 19:34:00,63,0.048337403888925545,0.0,0,0.0,0.0,0.0
2015-09-15 19:39:00,59,0.048337403888925545,0.0,0,0.0,0.0,0.0
2015-09-15 19:44:00,69,0.048337403888925545,0.0,0,0.0,0.0,0.0
2015-09-15 19:49:00,60,0.049943313878036466,0.0,0,0.0,0.0,0.0
2015-09-15 19:54:00,60,0.048337403888925545,0.02500000037252903,0,0.0,0.0,0.0
2015-09-15 19:59:00,59,0.0467661575239894,0.02500000037252903,0,0.0,0.0,0.0
2015-09-15 20:09:00,62,0.048337403888925545,0.0,0,0.0,0.0,0.0
2015-09-15 20:14:00,61,0.048337403888925545,0.0,0,0.0,0.0,0.0
2015-09-15 20:24:00,58,0.0467661575239894,0.02500000037252903,0,0.0,0.0,0.0
2015-09-15 20:29:00,63,0.04522930319754883,0.02500000037252903,0,0.0,0.0,0.0
2015-09-15 20:34:00,65,0.04522930319754883,0.0,0,0.0,0.0,0.0
2015-09-15 20:49:00,57,0.04522930319754883,0.0,0,0.0,0.0,0.0
2015-09-15 20:54:00,62,0.04522930319754883,0.0,0,0.0,0.0,0.0
2015-09-15 20:59:00,62,0.04522930319754883,0.0,0,0.0,0.0,0.0
2015-09-15 21:04:00,62,0.0467661575239894,0.0,0,0.0,0.0,0.0
2015-09-15 21:19:00,64,0.048337403888925545,0.0,0,0.0,0.0,0.0
2015-09-15 21:29:00,63,0.048337403888925545,0.0,0,0.0,0.0,0.0
2015-09-15 22:09:00,57,0.042257655983954485,0.10000000149011612,0,0.0,0.0,0.0
2015-09-15 22:34:00,59,0.04082229140151581,0.05000000074505806,0,0.0,0.0,0.0
2015-09-15 22:39:00,63,0.042257655983954485,0.0,0,0.0,0.0,0.0
2015-09-15 22:44:00,67,0.04082229140151581,0.02500000037252903,0,0.0,0.0,0.0
2015-09-15 23:19:00,65,0.038051007365308136,0.05000000074505806,0,0.0,0.0,0.0
2015-09-15 23:24:00,61,0.035410284034478816,0.05000000074505806,0,0.0,0.0,0.0
2015-09-15 23:29:00,61,0.034138097924501606,0.02500000037252903,0,0.0,0.0,0.0
2015-09-15 23:34:00,60,0.03168845463723849,0.05000000074505806,0,0.0,0.0,0.0
2015-09-16 00:49:00,67,0.032043221825496015,0.07500000298023224,0,0.0,0.0,0.0
2015-09-16 01:44:00,57,0.04722779118873747,0.2750000059604645,0,0.0,0.0,0.0
2015-09-16 02:19:00,59,0.07900520173353852,0.5249999761581421,0,0.0,0.0,0.0
2015-09-16 03:04:00,60,0.12472082119448685,0.5,0,0.0,0.0,0.0
2015-09-16 04:44:00,58,0.13975034930726873,0.125,0,0.0,0.0,0.0
2015-09-16 05:09:00,66,0.14926796180450316,0.10000000149011612,0,0.0,0.0,0.0
2015-09-16 05:19:00,69,0.14605350498711986,0.02500000037252903,0,0.0,0.0,0.0
2015-09-16 05:29:00,62,0.13975034930726873,0.0,0,0.0,0.0,0.0
2015-09-16 05:39:00,65,0.1366614314715291,0.0,0,0.0,0.0,0.0
2015-09-16 05:49:00,65,0.1366614314715291,0.05000000074505806,0,0.0,0.0,0.0
2015-09-16 06:09:00,61,0.13060834940195165,0.02500000037252903,0,0.0,0.0,0.0
2015-09-16 06:14:00,64,0.10024828957409593,0.0,0,0.0,0.0,0.0
2015-09-16 06:24:00,65,0.05548524542581548,0.0,0,0.0,0.0,0.0
2015-09-16 06:39:00,65,0.03168845472616694,0.02500000037252903,0,0.0,0.0,0.0
2015-09-16 06:44:00,66,0.036714481052012936,0.02500000037252903,0,0.0,0.0,0.0
2015-09-16 06:54:00,61,0.04082229140151581,0.02500000037252903,0,0.0,0.0,0.0
2015-09-16 07:19:00,64,0.042257655983954485,0.0,0,0.0,0.0,0.0
2015-09-16 07:24:00,69,0.042257655983954485,0.0,0,0.0,0.0,0.0
2015-09-16 07:29:00,59,0.03942017534928957,0.05000000074505806,0,0.0,0.0,0.0
2015-09-16 07:34:00,71,0.042257655983954485,0.0,0,0.0,0.0,0.0
2015-09-16 07:44:00,66,0.04372656367017761,0.0,0,0.0,0.0,0.0
2015-09-16 07:49:00,66,0.04372656367017761,0.0,0,0.0,0.0,0.0
2015-09-16 07:54:00,67,0.04372656367017761,0.0,0,0.0,0.0,0.0
2015-09-16 07:59:00,68,0.04522930319754883,0.0,0,0.0,0.0,0.0
2015-09-16 08:04:00,64,0.04522930319754883,0.02500000037252903,0,0.0,0.0,0.0
2015-09-16 08:09:00,68,0.0467661575239894,0.0,0,0.0,0.0,0.0
2015-09-16 08:14:00,69,0.0467661575239894,0.0,0,0.0,0.0,0.0
2015-09-16 08:19:00,71,0.0467661575239894,0.0,0,0.0,0.0,0.0
2015-09-16 08:24:00,66,0.048337403888925545,0.02500000037252903,0,0.0,0.0,0.0
2015-09-16 08:29:00,70,0.048337403888925545,0.0,0,0.0,0.0,0.0
2015-09-16 08:39:00,71,0.048337403888925545,0.0,0,0.0,0.0,0.0
2015-09-16 08:49:00,68,0.048337403888925545,0.0,0,0.0,0.0,0.0
2015-09-16 08:54:00,62,0.048337403888925545,0.0,0,0.0,0.0,0.0
2015-09-16 08:59:00,67,0.048337403888925545,0.0,0,0.0,0.0,0.0
2015-09-16 09:04:00,63,0.049943313878036466,0.0,0,0.0,0.0,0.0
2015-09-16 09:09:00,71,0.049943313878036466,0.0,0,0.0,0.0,0.0
2015-09-16 09:14:00,64,0.049943313878036466,0.0,0,0.0,0.0,0.0
2015-09-16 09:24:00,70,0.049943313878036466,0.0,0,0.0,0.0,0.0
2015-09-16 09:34:00,67,0.05158415349143823,0.0,0,0.0,0.0,0.0
2015-09-16 09:44:00,67,0.05158415349143823,0.0,0,0.0,0.0,0.0
2015-09-16 09:54:00,66,0.05158415349143823,0.0,0,0.0,0.0,0.0
2015-09-16 09:59:00,61,0.05158415349143823,0.0,0,0.0,0.0,0.0
2015-09-16 10:04:00,69,0.05158415349143823,0.0,0,0.0,0.0,0.0
2015-09-16 10:09:00,67,0.05158415349143823,0.0,0,0.0,0.0,0.0
2015-09-16 10:14:00,70,0.05158415349143823,0.0,0,0.0,0.0,0.0
2015-09-16 10:19:00,71,0.05158415349143823,0.0,0,0.0,0.0,0.0
2015-09-16 10:24:00,67,0.05158415349143823,0.0,0,0.0,0.0,0.0
2015-09-16 10:29:00,59,0.05158415349143823,0.0,0,0.0,0.0,0.0
2015-09-16 10:34:00,69,0.05158415349143823,0.0,0,0.0,0.0,0.0
2015-09-16 10:44:00,69,0.05158415349143823,0.0,0,0.0,0.0,0.0
2015-09-16 10:49:00,68,0.05158415349143823,0.0,0,0.0,0.0,0.0
2015-09-16 10:54:00,72,0.05158415349143823,0.0,0,0.0,0.0,0.0
2015-09-16 10:59:00,68,0.05158415349143823,0.0,0,0.0,0.0,0.0
2015-09-16 11:04:00,62,0.05158415349143823,0.0,0,0.0,0.0,0.0
2015-09-16 11:09:00,64,0.05158415349143823,0.0,0,0.0,0.0,0.0
2015-09-16 11:14:00,66,0.05158415349143823,0.0,0,0.0,0.0,0.0
2015-09-16 11:19:00,60,0.05158415349143823,0.0,0,0.0,0.0,0.0
2015-09-16 11:24:00,66,0.05158415349143823,0.0,0,0.0,0.0,0.0
2015-09-16 11:29:00,71,0.05158415349143823,0.0,0,0.0,0.0,0.0
2015-09-16 11:34:00,56,0.049943313878036466,0.02500000037252903,0,0.0,0.0,0.0
2015-09-16 11:39:00,63,0.049943313878036466,0.0,0,0.0,0.0,0.0
2015-09-16 11:44:00,67,0.049943313878036466,0.0,0,0.0,0.0,0.0
2015-09-16 11:49:00,64,0.049943313878036466,0.0,0,0.0,0.0,0.0
2015-09-16 11:59:00,67,0.049943313878036466,0.0,0,0.0,0.0,0.0
2015-09-16 12:04:00,62,0.049943313878036466,0.0,0,0.0,0.0,0.0
2015-09-16 12:14:00,65,0.049943313878036466,0.0,0,0.0,0.0,0.0
2015-09-16 12:19:00,66,0.04961227503718767,0.0,0,0.0,0.0,0.0
2015-09-16 12:24:00,65,0.04961227503718767,0.0,0,0.0,0.0,0.0
2015-09-16 12:29:00,73,0.04961227503718767,0.0,0,0.0,0.0,0.0
2015-09-16 12:34:00,67,0.051306999676981865,0.0,0,0.0,0.0,0.0
2015-09-16 12:39:00,62,0.051306999676981865,0.0,0,0.0,0.0,0.0
2015-09-16 12:44:00,68,0.051306999676981865,0.0,0,0.0,0.0,0.0
2015-09-16 12:49:00,62,0.051306999676981865,0.0,0,0.0,0.0,0.0
2015-09-16 12:54:00,67,0.051306999676981865,0.0,0,0.0,0.0,0.0
2015-09-16 12:59:00,63,0.051306999676981865,0.0,0,0.0,0.0,0.0
2015-09-16 13:04:00,68,0.051306999676981865,0.0,1,0.8716042063328711,0.8716042063328711,0.8716042063328711
2015-09-16 13:09:00,69,0.051306999676981865,0.0,1,0.0,0.0,0.0
2015-09-16 13:14:00,69,0.051306999676981865,0.0,1,0.0,0.0,0.0
2015-09-16 13:19:00,65,0.051306999676981865,0.0,1,0.0,0.0,0.0
2015-09-16 13:24:00,61,0.051306999676981865,0.0,1,0.0,0.0,0.0
2015-09-16 13:29:00,73,0.051306999676981865,0.0,1,0.0,0.0,0.0
2015-09-16 13:34:00,66,0.051306999676981865,0.0,1,0.0,0.0,0.0
2015-09-16 13:39:00,51,0.04795505140079632,0.05000000074505806,1,0.0,0.0,0.0
2015-09-16 13:44:00,50,0.037378658441898964,0.17499999701976776,1,0.0,0.0,0.0
2015-09-16 13:49:00,34,0.05081715981730482,0.5,1,0.0,0.0,0.0
2015-09-16 13:54:00,24,0.15159975413869373,1.0,1,0.0,0.0,0.0
2015-09-16 13:59:00,7,0.22423674176456607,0.4749999940395355,1,0.0,0.0,0.0
2015-09-16 14:04:00,14,0.29355076270322866,0.375,1,0.0,0.0,0.0
2015-09-16 14:09:00,7,0.4208738830392189,0.574999988079071,1,0.0,0.0,0.0
2015-09-16 14:14:00,32,0.5316248918202349,0.42500001192092896,1,0.0,0.0,0.0
2015-09-16 14:19:00,17,0.29999999673506555,0.550000011920929,1,0.0,0.0,0.0
2015-09-16 14:24:00,8,0.29999999673506555,0.42500001192092896,1,0.0,0.0,0.0
2015-09-16 14:29:00,6,0.29999999673506555,0.125,1,0.0,0.0,0.0
2015-09-16 14:30:00,8,0.29999999673506555,0.10000000149011612,1,0.0,0.0,0.0
2015-09-16 14:35:00,20,0.29999999673506555,0.22499999403953552,1,0.0,0.0,0.0
2015-09-16 14:40:00,8,0.4842952828002003,0.125,1,0.0,0.0,0.0
2015-09-16 14:45:00,23,0.41480203334916016,0.20000000298023224,1,0.0,0.0,0.0
2015-09-16 14:50:00,74,0.4712171222615862,0.6000000238418579,1,0.0,0.0,0.0
2015-09-16 14:55:00,65,0.33492477515659963,0.0,1,0.0,0.0,0.0
2015-09-16 15:00:00,67,0.25067823401854866,0.0,1,0.0,0.0,0.0
2015-09-16 15:05:00,74,0.16196321464515345,0.0,1,0.0,0.0,0.0
2015-09-16 15:10:00,59,0.10857386676291383,0.0,1,0.0,0.0,0.0
2015-09-16 15:15:00,65,0.0952898741159054,0.0,1,0.0,0.0,0.0
2015-09-16 15:20:00,64,0.08542971778517022,0.0,1,0.0,0.0,0.0
2015-09-16 15:25:00,64,0.06566957295167397,0.0,0,0.0,0.0,0.0
2015-09-16 15:30:00,68,0.056096383336671315,0.0,0,0.0,0.0,0.0
2015-09-16 15:35:00,73,0.042768589959736224,0.0,0,0.0,0.0,0.0
2015-09-16 15:40:00,71,0.051306999676981865,0.0,0,0.0,0.0,0.0
2015-09-16 15:45:00,67,0.051306999676981865,0.0,0,0.0,0.0,0.0
2015-09-16 15:50:00,66,0.051306999676981865,0.0,0,0.0,0.0,0.0
2015-09-16 15:55:00,68,0.051306999676981865,0.0,0,0.0,0.0,0.0
2015-09-16 16:00:00,65,0.051306999676981865,0.0,1,0.8716042063328711,0.8716042063328711,0.8716042063328711
2015-09-16 16:05:00,57,0.051306999676981865,0.0,1,0.0,0.0,0.0
2015-09-16 16:10:00,70,0.051306999676981865,0.0,1,0.0,0.0,0.0
2015-09-16 16:15:00,66,0.051306999676981865,0.0,1,0.0,0.0,0.0
2015-09-16 16:20:00,66,0.051306999676981865,0.0,1,0.0,0.0,0.0
2015-09-16 16:25:00,65,0.051306999676981865,0.0,1,0.0,0.0,0.0
2015-09-16 16:30:00,66,0.051306999676981865,0.0,1,0.0,0.0,0.0
2015-09-16 16:35:00,64,0.051306999676981865,0.0,1,0.0,0.0,0.0
2015-09-16 16:40:00,55,0.051306999676981865,0.0,1,0.0,0.0,0.0
2015-09-16 16:45:00,30,0.03562412045697997,0.4749999940395355,1,0.0,0.0,0.0
2015-09-16 16:50:00,11,0.11998129527395045,1.0,1,0.0,0.0,0.0
2015-09-16 16:55:00,12,0.14823603348433215,0.22499999403953552,1,0.0,0.0,0.0
2015-09-16 17:00:00,33,0.2836887112418513,0.8249999880790709,1,0.0,0.0,0.0
2015-09-16 17:05:00,43,0.4148020279423629,0.6000000238418579,1,0.0,0.0,0.0
2015-09-16 17:10:00,1,1.0,0.675000011920929,1,0.0,0.0,0.0
2015-09-16 17:15:00,19,0.29999999673506555,0.699999988079071,1,0.0,0.0,0.0
2015-09-16 17:20:00,23,0.29999999673506555,0.699999988079071,1,0.0,0.0,0.0
2015-09-16 17:25:00,53,0.29999999673506555,0.20000000298023224,1,0.0,0.0,0.0
2015-09-16 17:30:00,60,0.29999999673506555,0.0,1,0.0,0.0,0.0
2015-09-16 17:35:00,56,0.29999999673506555,0.0,1,0.0,0.0,0.0
2015-09-16 17:40:00,44,0.29999999673506555,0.22499999403953552,1,0.0,0.0,0.0
2015-09-16 17:45:00,57,0.29999999673506555,0.5249999761581421,1,0.0,0.0,0.0
2015-09-16 17:50:00,55,0.29999999673506555,0.0,1,0.0,0.0,0.0
2015-09-16 17:55:00,63,0.3910043077030579,0.0,1,0.0,0.0,0.0
2015-09-16 18:00:00,68,0.2506782163943077,0.0,1,0.0,0.0,0.0
2015-09-16 18:05:00,70,0.14164404652325224,0.0,1,0.0,0.0,0.0
2015-09-16 18:10:00,62,0.06770271835426811,0.0,1,0.0,0.0,0.0
2015-09-16 18:15:00,66,0.052538808059442985,0.0,1,0.0,0.0,0.0
2015-09-16 18:20:00,67,0.052538808059442985,0.0,1,0.0,0.0,0.0
2015-09-16 18:25:00,68,0.052538808059442985,0.0,0,0.0,0.0,0.0
2015-09-16 18:30:00,67,0.038376038572954026,0.0,0,0.0,0.0,0.0
2015-09-16 18:35:00,66,0.051306999676981865,0.0,0,0.0,0.0,0.0
2015-09-16 18:40:00,68,0.051306999676981865,0.0,0,0.0,0.0,0.0
2015-09-16 18:45:00,69,0.051306999676981865,0.0,0,0.0,0.0,0.0
2015-09-16 18:50:00,68,0.051306999676981865,0.0,0,0.0,0.0,0.0
2015-09-16 18:55:00,71,0.051306999676981865,0.0,0,0.0,0.0,0.0
2015-09-16 19:05:00,67,0.051306999676981865,0.0,0,0.0,0.0,0.0
2015-09-16 19:10:00,64,0.051306999676981865,0.0,0,0.0,0.0,0.0
2015-09-16 19:15:00,64,0.051306999676981865,0.0,0,0.0,0.0,0.0
2015-09-16 19:25:00,64,0.051306999676981865,0.0,0,0.0,0.0,0.0
2015-09-16 19:30:00,63,0.051306999676981865,0.0,0,0.0,0.0,0.0
2015-09-16 19:35:00,65,0.051306999676981865,0.0,0,0.0,0.0,0.0
2015-09-16 19:40:00,64,0.051306999676981865,0.0,0,0.0,0.0,0.0
2015-09-16 19:45:00,65,0.051306999676981865,0.0,0,0.0,0.0,0.0
2015-09-16 19:50:00,66,0.051306999676981865,0.0,0,0.0,0.0,0.0
2015-09-16 20:00:00,63,0.051306999676981865,0.0,0,0.0,0.0,0.0
2015-09-16 20:05:00,67,0.051306999676981865,0.0,0,0.0,0.0,0.0
2015-09-16 20:10:00,62,0.051306999676981865,0.0,0,0.0,0.0,0.0
2015-09-16 20:15:00,61,0.051306999676981865,0.0,0,0.0,0.0,0.0
2015-09-16 20:20:00,62,0.051306999676981865,0.0,0,0.0,0.0,0.0
2015-09-16 20:25:00,65,0.051306999676981865,0.0,0,0.0,0.0,0.0
2015-09-16 20:30:00,63,0.051306999676981865,0.0,0,0.0,0.0,0.0
2015-09-16 20:35:00,61,0.051306999676981865,0.0,0,0.0,0.0,0.0
2015-09-16 20:40:00,59,0.04961227503718767,0.02500000037252903,0,0.0,0.0,0.0
2015-09-16 20:45:00,56,0.04795505140079632,0.02500000037252903,0,0.0,0.0,0.0
2015-09-16 20:50:00,65,0.04834318315968639,0.0,0,0.0,0.0,0.0
2015-09-16 20:55:00,63,0.04834318315968639,0.0,0,0.0,0.0,0.0
2015-09-16 21:00:00,67,0.04834318315968639,0.0,0,0.0,0.0,0.0
2015-09-16 21:05:00,63,0.047055006299144886,0.02500000037252903,0,0.0,0.0,0.0
2015-09-16 21:10:00,57,0.042131324541270034,0.10000000149011612,0,0.0,0.0,0.0
2015-09-16 21:15:00,58,0.042131324541270034,0.0,0,0.0,0.0,0.0
2015-09-16 21:25:00,68,0.042131324541270034,0.0,0,0.0,0.0,0.0
2015-09-16 21:40:00,62,0.04095688645746156,0.02500000037252903,0,0.0,0.0,0.0
2015-09-16 21:45:00,64,0.042131324541270034,0.0,0,0.0,0.0,0.0
2015-09-16 21:55:00,66,0.04332819817536503,0.0,0,0.0,0.0,0.0
2015-09-16 22:05:00,65,0.04332819817536503,0.0,0,0.0,0.0,0.0
2015-09-16 22:14:00,57,0.03980472253371724,0.07500000298023224,0,0.0,0.0,0.0
2015-09-16 22:20:00,61,0.03980472253371724,0.0,0,0.0,0.0,0.0
2015-09-16 22:25:00,58,0.03756655909322869,0.07500000298023224,0,0.0,0.0,0.0
2015-09-16 22:30:00,62,0.04213132436459751,0.0,0,0.0,0.0,0.0
2015-09-16 22:40:00,61,0.04213132436459751,0.0,0,0.0,0.0,0.0
2015-09-16 22:45:00,63,0.04213132436459751,0.0,0,0.0,0.0,0.0
2015-09-16 22:55:00,59,0.04332819799533747,0.0,0,0.0,0.0,0.0
2015-09-16 23:10:00,64,0.04332819799533747,0.0,0,0.0,0.0,0.0
2015-09-16 23:35:00,64,0.04095688628412024,0.05000000074505806,0,0.0,0.0,0.0
2015-09-16 23:55:00,59,0.037566559011481336,0.07500000298023224,0,0.0,0.0,0.0
2015-09-17 00:10:00,66,0.03867466891686792,0.05000000074505806,0,0.0,0.0,0.0
2015-09-17 00:45:00,63,0.03541549074604688,0.07500000298023224,0,0.0,0.0,0.0
2015-09-17 01:05:00,57,0.032349146957943664,0.15000000596046448,0,0.0,0.0,0.0
2015-09-17 01:40:00,56,0.03685963083895843,0.22499999403953552,0,0.0,0.0,0.0
2015-09-17 01:55:00,53,0.06462653351554262,0.5249999761581421,0,0.0,0.0,0.0
2015-09-17 02:10:00,66,0.13804001474143715,0.8999999761581421,0,0.0,0.0,0.0
2015-09-17 02:50:00,61,0.14057937757233338,0.02500000037252903,0,0.0,0.0,0.0
2015-09-17 03:20:00,56,0.1510169941980042,0.10000000149011612,0,0.0,0.0,0.0
2015-09-17 04:35:00,58,0.16752023611899305,0.20000000298023224,0,0.0,0.0,0.0
2015-09-17 04:55:00,62,0.15914101072718115,0.0,0,0.0,0.0,0.0
2015-09-17 05:10:00,64,0.1536967333095407,0.0,0,0.0,0.0,0.0
2015-09-17 05:15:00,65,0.1457420332916349,0.0,0,0.0,0.0,0.0
2015-09-17 05:30:00,73,0.13552854634198108,0.05000000074505806,0,0.0,0.0,0.0
2015-09-17 05:35:00,63,0.118723926475917,0.05000000074505806,0,0.0,0.0,0.0
2015-09-17 05:40:00,63,0.07979011501307842,0.05000000074505806,0,0.0,0.0,0.0
2015-09-17 05:45:00,66,0.030744563235041374,0.0,0,0.0,0.0,0.0
2015-09-17 05:50:00,62,0.030744563235041374,0.02500000037252903,0,0.0,0.0,0.0
2015-09-17 05:55:00,72,0.03234914725313854,0.02500000037252903,0,0.0,0.0,0.0
2015-09-17 06:15:00,56,0.036480223872650736,0.10000000149011612,0,0.0,0.0,0.0
2015-09-17 06:20:00,52,0.03795360069260923,0.3499999940395355,0,0.0,0.0,0.0
2015-09-17 06:25:00,61,0.09105155519800152,0.875,0,0.0,0.0,0.0
2015-09-17 06:30:00,51,0.10115843836995517,0.125,0,0.0,0.0,0.0
2015-09-17 06:40:00,64,0.09908392451723468,0.02500000037252903,0,0.0,0.0,0.0
2015-09-17 06:55:00,60,0.09501477669895947,0.0,0,0.0,0.0,0.0
2015-09-17 07:00:00,59,0.09105155505232418,0.0,0,0.0,0.0,0.0
2015-09-17 07:05:00,38,0.15369673852794238,0.675000011920929,0,0.0,0.0,0.0
2015-09-17 07:10:00,53,0.2807054630491544,1.0,0,0.0,0.0,0.0
2015-09-17 07:15:00,56,0.2884241442999237,0.07500000298023224,0,0.0,0.0,0.0
2015-09-17 07:25:00,53,0.2845498828693545,0.07500000298023224,0,0.0,0.0,0.0
2015-09-17 07:35:00,68,0.23688946741028216,0.02500000037252903,0,0.0,0.0,0.0
2015-09-17 07:40:00,56,0.13552855304090766,0.02500000037252903,0,0.0,0.0,0.0
2015-09-17 07:45:00,62,0.12338740829679976,0.0,0,0.0,0.0,0.0
2015-09-17 07:50:00,65,0.12104195444671895,0.0,0,0.0,0.0,0.0
2015-09-17 07:55:00,61,0.12104195444671895,0.0,0,0.0,0.0,0.0
2015-09-17 08:00:00,64,0.12104195444671895,0.0,0,0.0,0.0,0.0
2015-09-17 08:05:00,60,0.06782021373624078,0.0,0,0.0,0.0,0.0
2015-09-17 08:10:00,58,0.03980472244870008,0.02500000037252903,0,0.0,0.0,0.0
2015-09-17 08:15:00,62,0.04332819808535125,0.0,0,0.0,0.0,0.0
2015-09-17 08:20:00,67,0.047055006299144886,0.0,0,0.0,0.0,0.0
2015-09-17 08:25:00,61,0.04834318315968639,0.0,0,0.0,0.0,0.0
2015-09-17 08:30:00,59,0.04965456326911893,0.0,0,0.0,0.0,0.0
2015-09-17 08:35:00,60,0.04834318315968639,0.02500000037252903,0,0.0,0.0,0.0
2015-09-17 08:40:00,59,0.04834318315968639,0.0,0,0.0,0.0,0.0
2015-09-17 08:45:00,59,0.047055006299144886,0.02500000037252903,0,0.0,0.0,0.0
2015-09-17 08:50:00,63,0.047055006299144886,0.0,0,0.0,0.0,0.0
2015-09-17 08:55:00,55,0.047055006299144886,0.0,0,0.0,0.0,0.0
2015-09-17 09:00:00,54,0.047055006299144886,0.02500000037252903,0,0.0,0.0,0.0
2015-09-17 09:05:00,64,0.045789884250184335,0.02500000037252903,0,0.0,0.0,0.0
2015-09-17 09:10:00,63,0.04454766604783543,0.02500000037252903,0,0.0,0.0,0.0
2015-09-17 09:15:00,67,0.04332819817536503,0.02500000037252903,0,0.0,0.0,0.0
2015-09-17 09:20:00,62,0.04095688645746156,0.05000000074505806,0,0.0,0.0,0.0
2015-09-17 09:25:00,67,0.042131324541270034,0.0,0,0.0,0.0,0.0
2015-09-17 09:30:00,65,0.04095688645746156,0.02500000037252903,0,0.0,0.0,0.0
2015-09-17 09:35:00,63,0.04095688645746156,0.02500000037252903,0,0.0,0.0,0.0
2015-09-17 09:40:00,61,0.03980472261873442,0.02500000037252903,0,0.0,0.0,0.0
2015-09-17 09:45:00,69,0.03980472261873442,0.0,0,0.0,0.0,0.0
2015-09-17 09:50:00,65,0.04095688645746156,0.0,0,0.0,0.0,0.0
2015-09-17 09:55:00,63,0.042131324541270034,0.0,0,0.0,0.0,0.0
2015-09-17 10:00:00,65,0.04332819817536503,0.0,0,0.0,0.0,0.0
2015-09-17 10:05:00,71,0.04454766604783543,0.0,0,0.0,0.0,0.0
2015-09-17 10:10:00,66,0.047055006299144886,0.0,0,0.0,0.0,0.0
2015-09-17 10:15:00,64,0.047055006299144886,0.0,0,0.0,0.0,0.0
2015-09-17 10:20:00,61,0.04834318315968639,0.0,0,0.0,0.0,0.0
2015-09-17 10:25:00,65,0.04965456326911893,0.0,0,0.0,0.0,0.0
2015-09-17 10:30:00,65,0.05098929256220852,0.0,0,0.0,0.0,0.0
2015-09-17 10:35:00,62,0.05098929256220852,0.0,0,0.0,0.0,0.0
2015-09-17 10:45:00,64,0.05098929256220852,0.0,0,0.0,0.0,0.0
2015-09-17 10:50:00,61,0.05098929256220852,0.0,0,0.0,0.0,0.0
2015-09-17 10:55:00,59,0.05098929256220852,0.0,0,0.0,0.0,0.0
2015-09-17 11:00:00,64,0.05098929256220852,0.0,0,0.0,0.0,0.0
2015-09-17 11:05:00,55,0.05098929256220852,0.0,0,0.0,0.0,0.0
2015-09-17 11:10:00,62,0.05098929256220852,0.0,0,0.0,0.0,0.0
2015-09-17 11:15:00,61,0.05098929256220852,0.0,0,0.0,0.0,0.0
2015-09-17 11:20:00,66,0.05098929256220852,0.0,0,0.0,0.0,0.0
2015-09-17 11:25:00,61,0.05098929256220852,0.0,0,0.0,0.0,0.0
2015-09-17 11:30:00,69,0.05098929256220852,0.0,0,0.0,0.0,0.0
2015-09-17 11:35:00,66,0.05098929256220852,0.0,0,0.0,0.0,0.0
2015-09-17 11:40:00,68,0.05098929256220852,0.0,0,0.0,0.0,0.0
2015-09-17 11:45:00,69,0.05098929256220852,0.0,0,0.0,0.0,0.0
2015-09-17 11:50:00,66,0.052068078073197264,0.0,0,0.0,0.0,0.0
2015-09-17 11:55:00,66,0.052068078073197264,0.0,0,0.0,0.0,0.0
2015-09-17 12:00:00,64,0.052068078073197264,0.0,0,0.0,0.0,0.0
2015-09-17 12:05:00,63,0.052068078073197264,0.0,0,0.0,0.0,0.0
2015-09-17 12:10:00,68,0.052068078073197264,0.0,0,0.0,0.0,0.0
2015-09-17 12:20:00,62,0.052068078073197264,0.0,0,0.0,0.0,0.0
2015-09-17 12:25:00,66,0.052068078073197264,0.0,0,0.0,0.0,0.0
2015-09-17 12:30:00,71,0.052068078073197264,0.0,0,0.0,0.0,0.0
2015-09-17 12:35:00,67,0.052068078073197264,0.0,0,0.0,0.0,0.0
2015-09-17 12:40:00,66,0.052068078073197264,0.0,0,0.0,0.0,0.0
2015-09-17 12:45:00,62,0.052068078073197264,0.0,0,0.0,0.0,0.0
2015-09-17 12:50:00,62,0.052068078073197264,0.0,0,0.0,0.0,0.0
2015-09-17 12:55:00,62,0.052068078073197264,0.0,0,0.0,0.0,0.0
2015-09-17 13:00:00,59,0.052068078073197264,0.0,0,0.0,0.0,0.0
2015-09-17 13:05:00,56,0.052068078073197264,0.0,0,0.0,0.0,0.0
2015-09-17 13:10:00,41,0.03820114936463038,0.675000011920929,0,0.0,0.0,0.0
2015-09-17 13:15:00,63,0.10168554643417856,1.0,0,0.0,0.0,0.0
2015-09-17 13:20:00,46,0.1239997833263383,0.25,0,0.0,0.0,0.0
2015-09-17 13:25:00,47,0.14383141843245806,0.20000000298023224,0,0.0,0.0,0.0
2015-09-17 13:30:00,63,0.14383141843245806,0.0,0,0.0,0.0,0.0
2015-09-17 13:35:00,50,0.15441896892770562,0.10000000149011612,0,0.0,0.0,0.0
2015-09-17 13:40:00,46,0.17990180601618444,0.22499999403953552,0,0.0,0.0,0.0
2015-09-17 13:45:00,33,0.2818384202817175,0.75,0,0.0,0.0,0.0
2015-09-17 13:50:00,23,0.4596304622941242,1.0,0,0.0,0.0,0.0
2015-09-17 13:55:00,26,0.5897992214316287,0.6000000238418579,0,-0.22,-0.11,-0.11
2015-09-17 14:00:00,19,0.29999999673506555,0.574999988079071,0,0.0,0.0,0.0
2015-09-17 14:05:00,27,0.3826839445619047,0.10000000149011612,0,0.0,0.0,0.0
